timestamp,cpu_util,mem_util
2021-06-30 20:44:54.621,15.699999809265137,706019328
2021-06-30 20:44:54.622,0.0,706019328
2021-06-30 20:44:54.722,19.5,705953792
2021-06-30 20:44:54.822,16.200000762939453,706433024
2021-06-30 20:44:54.922,42.099998474121094,709595136
2021-06-30 20:44:55.022,43.599998474121094,712474624
2021-06-30 20:44:55.122,45.20000076293945,714539008
2021-06-30 20:44:55.222,39.5,716861440
2021-06-30 20:44:55.322,41.0,718409728
2021-06-30 20:44:55.422,42.099998474121094,720474112
2021-06-30 20:44:55.522,41.0,722796544
2021-06-30 20:44:55.622,41.0,724844544
2021-06-30 20:44:55.722,45.0,727683072
2021-06-30 20:44:55.822,42.5,729489408
2021-06-30 20:44:55.922,45.0,730537984
2021-06-30 20:44:56.022,41.0,731828224
2021-06-30 20:44:56.122,37.79999923706055,731828224
2021-06-30 20:44:56.222,48.79999923706055,732225536
2021-06-30 20:44:56.322,46.20000076293945,710766592
2021-06-30 20:44:56.422,42.5,713646080
2021-06-30 20:44:56.522,45.20000076293945,710692864
2021-06-30 20:44:56.622,47.599998474121094,710545408
2021-06-30 20:44:56.722,30.799999237060547,710242304
2021-06-30 20:44:56.822,35.900001525878906,713146368
2021-06-30 20:44:56.922,43.599998474121094,712310784
2021-06-30 20:44:57.022,40.5,711016448
2021-06-30 20:44:57.122,43.599998474121094,713846784
2021-06-30 20:44:57.222,41.0,711630848
2021-06-30 20:44:57.322,64.0999984741211,711843840
2021-06-30 20:44:57.422,66.69999694824219,716169216
2021-06-30 20:44:57.522,69.19999694824219,732168192
2021-06-30 20:44:57.622,73.19999694824219,746876928
2021-06-30 20:44:57.722,68.4000015258789,752037888
2021-06-30 20:44:57.822,46.29999923706055,754618368
2021-06-30 20:44:57.922,42.5,756457472
2021-06-30 20:44:58.022,43.599998474121094,759296000
2021-06-30 20:44:58.122,39.5,760586240
2021-06-30 20:44:58.222,40.5,760844288
2021-06-30 20:44:58.322,45.20000076293945,760877056
2021-06-30 20:44:58.422,42.5,762200064
2021-06-30 20:44:58.522,42.5,762044416
2021-06-30 20:44:58.622,43.900001525878906,762044416
2021-06-30 20:44:58.722,42.099998474121094,765259776
2021-06-30 20:44:58.822,37.79999923706055,768098304
2021-06-30 20:44:58.922,41.0,770936832
2021-06-30 20:44:59.022,37.79999923706055,771452928
2021-06-30 20:44:59.122,42.5,771969024
2021-06-30 20:44:59.222,39.5,771969024
2021-06-30 20:44:59.322,42.5,772743168
2021-06-30 20:44:59.422,45.0,773001216
2021-06-30 20:44:59.522,47.70000076293945,765259776
2021-06-30 20:44:59.622,41.0,768614400
2021-06-30 20:44:59.722,41.0,771452928
2021-06-30 20:44:59.822,33.29999923706055,771969024
2021-06-30 20:44:59.922,34.29999923706055,772485120
2021-06-30 20:45:00.022,42.5,772743168
2021-06-30 20:45:00.122,37.79999923706055,773517312
2021-06-30 20:45:00.222,42.5,761647104
2021-06-30 20:45:00.322,39.5,764743680
2021-06-30 20:45:00.422,39.5,768872448
2021-06-30 20:45:00.522,42.099998474121094,784461824
2021-06-30 20:45:00.622,46.20000076293945,798498816
2021-06-30 20:45:00.722,48.70000076293945,806137856
2021-06-30 20:45:00.822,37.79999923706055,808202240
2021-06-30 20:45:00.922,43.900001525878906,809902080
2021-06-30 20:45:01.022,41.0,812482560
2021-06-30 20:45:01.122,42.099998474121094,814288896
2021-06-30 20:45:01.222,41.0,814288896
2021-06-30 20:45:01.325,50.0,814804992
2021-06-30 20:45:01.422,44.70000076293945,762421248
2021-06-30 20:45:01.522,39.5,762449920
2021-06-30 20:45:01.622,42.099998474121094,764223488
2021-06-30 20:45:01.722,45.0,768610304
2021-06-30 20:45:01.822,33.29999923706055,769384448
2021-06-30 20:45:01.922,31.600000381469727,769417216
2021-06-30 20:45:02.022,35.900001525878906,769417216
2021-06-30 20:45:02.122,31.399999618530273,769933312
2021-06-30 20:45:02.222,17.899999618530273,769929216
2021-06-30 20:45:02.322,15.800000190734863,769929216
2021-06-30 20:45:02.422,17.5,769929216
2021-06-30 20:45:02.522,19.5,769929216
2021-06-30 20:45:02.622,21.399999618530273,769953792
2021-06-30 20:45:02.722,38.099998474121094,770244608
2021-06-30 20:45:02.822,37.79999923706055,770457600
2021-06-30 20:45:02.922,36.099998474121094,771231744
2021-06-30 20:45:03.022,85.0,785424384
2021-06-30 20:45:03.123,97.5999984741211,805941248
2021-06-30 20:45:03.222,81.5999984741211,840736768
2021-06-30 20:45:03.323,97.4000015258789,844447744
2021-06-30 20:45:03.423,94.9000015258789,845918208
2021-06-30 20:45:03.522,78.0,847966208
2021-06-30 20:45:03.622,59.0,850354176
2021-06-30 20:45:03.722,59.0,852033536
2021-06-30 20:45:03.822,47.20000076293945,855646208
2021-06-30 20:45:03.922,51.400001525878906,857427968
2021-06-30 20:45:04.022,48.70000076293945,858202112
2021-06-30 20:45:04.122,50.0,858492928
2021-06-30 20:45:04.222,60.0,859492352
2021-06-30 20:45:04.322,73.69999694824219,861040640
2021-06-30 20:45:04.422,50.0,862072832
2021-06-30 20:45:04.522,51.20000076293945,862330880
2021-06-30 20:45:04.622,48.70000076293945,862584832
2021-06-30 20:45:04.722,75.5999984741211,864129024
2021-06-30 20:45:04.822,81.5999984741211,872128512
2021-06-30 20:45:04.922,82.5,875773952
2021-06-30 20:45:05.022,78.4000015258789,886321152
2021-06-30 20:45:05.122,78.4000015258789,880738304
2021-06-30 20:45:05.223,75.5999984741211,880738304
2021-06-30 20:45:05.323,76.9000015258789,880898048
2021-06-30 20:45:05.422,75.69999694824219,880762880
2021-06-30 20:45:05.522,78.5999984741211,881053696
2021-06-30 20:45:05.622,71.0999984741211,881233920
2021-06-30 20:45:05.722,39.0,881483776
2021-06-30 20:45:05.822,70.30000305175781,881545216
2021-06-30 20:45:05.922,66.69999694824219,882249728
2021-06-30 20:45:06.022,42.099998474121094,882573312
2021-06-30 20:45:06.122,33.29999923706055,882540544
2021-06-30 20:45:06.222,18.899999618530273,883347456
2021-06-30 20:45:06.322,25.600000381469727,883380224
2021-06-30 20:45:06.422,18.899999618530273,883372032
2021-06-30 20:45:06.522,23.100000381469727,883372032
2021-06-30 20:45:06.622,25.600000381469727,883372032
2021-06-30 20:45:06.722,27.5,883400704
2021-06-30 20:45:06.822,46.20000076293945,883494912
2021-06-30 20:45:06.922,27.5,883363840
2021-06-30 20:45:07.022,44.70000076293945,883363840
2021-06-30 20:45:07.122,25.0,883490816
2021-06-30 20:45:07.222,43.599998474121094,883654656
2021-06-30 20:45:07.322,35.0,883752960
2021-06-30 20:45:07.422,42.099998474121094,883716096
2021-06-30 20:45:07.522,35.70000076293945,883908608
2021-06-30 20:45:07.622,48.79999923706055,883810304
2021-06-30 20:45:07.722,19.399999618530273,883810304
2021-06-30 20:45:07.822,43.599998474121094,883875840
2021-06-30 20:45:07.922,28.200000762939453,883863552
2021-06-30 20:45:08.022,41.70000076293945,883859456
2021-06-30 20:45:08.122,21.600000381469727,883859456
2021-06-30 20:45:08.222,27.5,883761152
2021-06-30 20:45:08.322,25.0,883793920
2021-06-30 20:45:08.422,36.79999923706055,883793920
2021-06-30 20:45:08.522,35.0,883793920
2021-06-30 20:45:08.622,23.100000381469727,883789824
2021-06-30 20:45:08.722,29.299999237060547,883789824
2021-06-30 20:45:08.822,39.5,883822592
2021-06-30 20:45:08.922,30.799999237060547,884367360
2021-06-30 20:45:09.022,19.399999618530273,884461568
2021-06-30 20:45:09.122,27.5,884363264
2021-06-30 20:45:09.222,29.299999237060547,884428800
2021-06-30 20:45:09.322,18.899999618530273,884396032
2021-06-30 20:45:09.422,28.600000381469727,884363264
2021-06-30 20:45:09.522,25.600000381469727,884494336
2021-06-30 20:45:09.622,16.700000762939453,884494336
2021-06-30 20:45:09.722,29.299999237060547,884428800
2021-06-30 20:45:09.822,43.599998474121094,884428800
2021-06-30 20:45:09.922,23.700000762939453,884355072
2021-06-30 20:45:10.022,16.700000762939453,884355072
2021-06-30 20:45:10.122,23.700000762939453,884322304
2021-06-30 20:45:10.222,16.700000762939453,884224000
2021-06-30 20:45:10.322,25.600000381469727,884420608
2021-06-30 20:45:10.422,48.79999923706055,884289536
2021-06-30 20:45:10.522,29.299999237060547,884322304
2021-06-30 20:45:10.622,21.600000381469727,884744192
2021-06-30 20:45:10.722,25.0,884711424
2021-06-30 20:45:10.822,32.599998474121094,884740096
2021-06-30 20:45:10.922,26.799999237060547,884600832
2021-06-30 20:45:11.022,18.899999618530273,884600832
2021-06-30 20:45:11.122,23.700000762939453,884600832
2021-06-30 20:45:11.222,32.599998474121094,884600832
2021-06-30 20:45:11.322,30.200000762939453,884600832
2021-06-30 20:45:11.422,47.5,884592640
2021-06-30 20:45:11.522,23.100000381469727,884592640
2021-06-30 20:45:11.622,25.600000381469727,884592640
2021-06-30 20:45:11.722,25.0,884592640
2021-06-30 20:45:11.822,29.299999237060547,884588544
2021-06-30 20:45:11.922,29.299999237060547,884621312
2021-06-30 20:45:12.022,46.29999923706055,884523008
2021-06-30 20:45:12.122,25.600000381469727,884588544
2021-06-30 20:45:12.222,26.299999237060547,884486144
2021-06-30 20:45:12.322,21.100000381469727,884486144
2021-06-30 20:45:12.422,45.20000076293945,884617216
2021-06-30 20:45:12.522,34.099998474121094,884580352
2021-06-30 20:45:12.622,25.600000381469727,884576256
2021-06-30 20:45:12.722,23.700000762939453,884674560
2021-06-30 20:45:12.822,25.0,884641792
2021-06-30 20:45:12.922,19.399999618530273,884707328
2021-06-30 20:45:13.022,21.100000381469727,884727808
2021-06-30 20:45:13.122,23.100000381469727,884695040
2021-06-30 20:45:13.222,36.79999923706055,884695040
2021-06-30 20:45:13.322,36.599998474121094,884629504
2021-06-30 20:45:13.422,27.5,884695040
2021-06-30 20:45:13.522,23.100000381469727,884690944
2021-06-30 20:45:13.622,25.0,884854784
2021-06-30 20:45:13.722,25.0,884985856
2021-06-30 20:45:13.822,23.700000762939453,884723712
2021-06-30 20:45:13.922,25.0,884809728
2021-06-30 20:45:14.022,25.600000381469727,884809728
2021-06-30 20:45:14.122,18.899999618530273,884908032
2021-06-30 20:45:14.222,44.400001525878906,884903936
2021-06-30 20:45:14.322,21.600000381469727,884805632
2021-06-30 20:45:14.422,25.600000381469727,884805632
2021-06-30 20:45:14.522,27.5,884936704
2021-06-30 20:45:14.622,31.700000762939453,884838400
2021-06-30 20:45:14.722,23.700000762939453,884903936
2021-06-30 20:45:14.822,18.399999618530273,884805632
2021-06-30 20:45:14.922,30.200000762939453,884801536
2021-06-30 20:45:15.022,21.100000381469727,884801536
2021-06-30 20:45:15.122,19.399999618530273,884932608
2021-06-30 20:45:15.222,18.899999618530273,884932608
2021-06-30 20:45:15.322,25.0,884736000
2021-06-30 20:45:15.422,25.600000381469727,884834304
2021-06-30 20:45:15.522,23.700000762939453,885030912
2021-06-30 20:45:15.622,21.600000381469727,884760576
2021-06-30 20:45:15.722,21.100000381469727,884957184
2021-06-30 20:45:15.823,23.700000762939453,884953088
2021-06-30 20:45:15.922,21.100000381469727,884789248
2021-06-30 20:45:16.022,19.399999618530273,884658176
2021-06-30 20:45:16.122,27.5,884658176
2021-06-30 20:45:16.222,48.79999923706055,884682752
2021-06-30 20:45:16.322,27.5,884846592
2021-06-30 20:45:16.422,28.200000762939453,884748288
2021-06-30 20:45:16.522,23.700000762939453,884748288
2021-06-30 20:45:16.622,43.599998474121094,884748288
2021-06-30 20:45:16.722,30.0,884846592
2021-06-30 20:45:16.822,29.299999237060547,884944896
2021-06-30 20:45:16.922,16.700000762939453,884908032
2021-06-30 20:45:17.022,42.099998474121094,884776960
2021-06-30 20:45:17.122,23.700000762939453,884809728
2021-06-30 20:45:17.222,23.700000762939453,884797440
2021-06-30 20:45:17.322,25.0,884797440
2021-06-30 20:45:17.422,45.20000076293945,884699136
2021-06-30 20:45:17.522,35.70000076293945,884699136
2021-06-30 20:45:17.622,41.5,884797440
2021-06-30 20:45:17.722,35.900001525878906,884797440
2021-06-30 20:45:17.822,19.399999618530273,884797440
2021-06-30 20:45:17.922,23.100000381469727,884756480
2021-06-30 20:45:18.022,43.900001525878906,884756480
2021-06-30 20:45:18.122,30.799999237060547,884756480
2021-06-30 20:45:18.222,31.0,884658176
2021-06-30 20:45:18.322,26.799999237060547,884723712
2021-06-30 20:45:18.422,46.20000076293945,884887552
2021-06-30 20:45:18.522,31.0,884723712
2021-06-30 20:45:18.622,40.5,885047296
2021-06-30 20:45:18.722,30.799999237060547,884916224
2021-06-30 20:45:18.822,42.099998474121094,884948992
2021-06-30 20:45:18.922,31.600000381469727,885129216
2021-06-30 20:45:19.022,40.5,885161984
2021-06-30 20:45:19.123,34.20000076293945,884965376
2021-06-30 20:45:19.222,39.5,885096448
2021-06-30 20:45:19.322,45.20000076293945,884867072
2021-06-30 20:45:19.422,36.099998474121094,885161984
2021-06-30 20:45:19.522,28.899999618530273,885030912
2021-06-30 20:45:19.622,38.5,884867072
2021-06-30 20:45:19.722,35.900001525878906,884899840
2021-06-30 20:45:19.822,39.0,884932608
2021-06-30 20:45:19.922,34.20000076293945,885116928
2021-06-30 20:45:20.022,34.20000076293945,884985856
2021-06-30 20:45:20.122,40.0,885116928
2021-06-30 20:45:20.222,35.900001525878906,885116928
2021-06-30 20:45:20.322,38.5,885149696
2021-06-30 20:45:20.422,35.900001525878906,884985856
2021-06-30 20:45:20.522,37.5,884985856
2021-06-30 20:45:20.622,27.799999237060547,885243904
2021-06-30 20:45:20.722,40.0,885080064
2021-06-30 20:45:20.822,31.600000381469727,885014528
2021-06-30 20:45:20.922,35.099998474121094,884973568
2021-06-30 20:45:21.022,38.099998474121094,885039104
2021-06-30 20:45:21.122,35.099998474121094,884809728
2021-06-30 20:45:21.222,30.0,884936704
2021-06-30 20:45:21.322,28.600000381469727,884936704
2021-06-30 20:45:21.422,43.599998474121094,884838400
2021-06-30 20:45:21.522,34.099998474121094,885002240
2021-06-30 20:45:21.622,20.0,884903936
2021-06-30 20:45:21.722,18.899999618530273,884903936
2021-06-30 20:45:21.822,36.599998474121094,885067776
2021-06-30 20:45:21.922,30.799999237060547,885096448
2021-06-30 20:45:22.022,23.700000762939453,885063680
2021-06-30 20:45:22.122,26.799999237060547,885129216
2021-06-30 20:45:22.222,19.399999618530273,885030912
2021-06-30 20:45:22.322,25.0,884998144
2021-06-30 20:45:22.422,30.799999237060547,885022720
2021-06-30 20:45:22.522,43.900001525878906,884924416
2021-06-30 20:45:22.622,29.299999237060547,884957184
2021-06-30 20:45:22.722,26.799999237060547,885153792
2021-06-30 20:45:22.822,23.700000762939453,885121024
2021-06-30 20:45:22.922,18.899999618530273,884936704
2021-06-30 20:45:23.022,30.799999237060547,885067776
2021-06-30 20:45:23.122,40.0,884969472
2021-06-30 20:45:23.222,28.200000762939453,884838400
2021-06-30 20:45:23.322,18.899999618530273,884871168
2021-06-30 20:45:23.422,25.600000381469727,885002240
2021-06-30 20:45:23.522,28.600000381469727,884969472
2021-06-30 20:45:23.622,26.299999237060547,885002240
2021-06-30 20:45:23.722,23.100000381469727,884936704
2021-06-30 20:45:23.822,17.100000381469727,885067776
2021-06-30 20:45:23.922,25.0,885051392
2021-06-30 20:45:24.022,31.600000381469727,884883456
2021-06-30 20:45:24.122,34.20000076293945,885047296
2021-06-30 20:45:24.222,23.700000762939453,884916224
2021-06-30 20:45:24.322,18.899999618530273,885080064
2021-06-30 20:45:24.422,25.0,884916224
2021-06-30 20:45:24.522,23.700000762939453,885047296
2021-06-30 20:45:24.622,23.100000381469727,885014528
2021-06-30 20:45:24.722,30.0,885014528
2021-06-30 20:45:24.822,36.599998474121094,885047296
2021-06-30 20:45:24.922,47.400001525878906,884908032
2021-06-30 20:45:25.022,34.20000076293945,884875264
2021-06-30 20:45:25.122,36.79999923706055,884875264
2021-06-30 20:45:25.222,33.29999923706055,884744192
2021-06-30 20:45:25.322,41.0,884776960
2021-06-30 20:45:25.424,33.29999923706055,884875264
2021-06-30 20:45:25.522,40.0,884875264
2021-06-30 20:45:25.622,31.700000762939453,884744192
2021-06-30 20:45:25.722,43.900001525878906,884744192
2021-06-30 20:45:25.822,37.5,884740096
2021-06-30 20:45:25.922,31.600000381469727,884899840
2021-06-30 20:45:26.022,25.0,884895744
2021-06-30 20:45:26.122,21.600000381469727,884895744
2021-06-30 20:45:26.222,31.700000762939453,884887552
2021-06-30 20:45:26.322,38.900001525878906,884953088
2021-06-30 20:45:26.422,30.200000762939453,885018624
2021-06-30 20:45:26.522,21.600000381469727,884887552
2021-06-30 20:45:26.622,29.299999237060547,885018624
2021-06-30 20:45:26.722,23.700000762939453,884887552
2021-06-30 20:45:26.822,26.200000762939453,884756480
2021-06-30 20:45:26.922,25.600000381469727,885018624
2021-06-30 20:45:27.022,18.899999618530273,884690944
2021-06-30 20:45:27.122,26.799999237060547,884592640
2021-06-30 20:45:27.222,28.600000381469727,884723712
2021-06-30 20:45:27.323,25.0,884625408
2021-06-30 20:45:27.422,29.299999237060547,884527104
2021-06-30 20:45:27.522,30.200000762939453,884592640
2021-06-30 20:45:27.623,23.700000762939453,884789248
2021-06-30 20:45:27.722,25.600000381469727,884785152
2021-06-30 20:45:27.823,23.100000381469727,884785152
2021-06-30 20:45:27.923,31.0,885014528
2021-06-30 20:45:28.022,23.100000381469727,884916224
2021-06-30 20:45:28.122,31.0,884981760
2021-06-30 20:45:28.223,31.700000762939453,884883456
2021-06-30 20:45:28.323,42.099998474121094,884916224
2021-06-30 20:45:28.423,30.200000762939453,884916224
2021-06-30 20:45:28.522,25.600000381469727,884940800
2021-06-30 20:45:28.622,26.799999237060547,884908032
2021-06-30 20:45:28.722,24.299999237060547,884932608
2021-06-30 20:45:28.822,18.899999618530273,884932608
2021-06-30 20:45:28.922,21.600000381469727,884858880
2021-06-30 20:45:29.022,23.100000381469727,884858880
2021-06-30 20:45:29.123,28.200000762939453,884858880
2021-06-30 20:45:29.223,18.899999618530273,884727808
2021-06-30 20:45:29.323,30.0,884727808
2021-06-30 20:45:29.422,21.100000381469727,884727808
2021-06-30 20:45:29.522,28.200000762939453,884760576
2021-06-30 20:45:29.622,33.29999923706055,884760576
2021-06-30 20:45:29.723,45.70000076293945,884760576
2021-06-30 20:45:29.822,27.5,884793344
2021-06-30 20:45:29.922,34.099998474121094,884854784
2021-06-30 20:45:30.022,28.600000381469727,885116928
2021-06-30 20:45:30.122,23.700000762939453,884822016
2021-06-30 20:45:30.223,29.5,884854784
2021-06-30 20:45:30.323,31.700000762939453,884854784
2021-06-30 20:45:30.422,25.600000381469727,884953088
2021-06-30 20:45:30.522,28.600000381469727,884944896
2021-06-30 20:45:30.622,25.600000381469727,884944896
2021-06-30 20:45:30.723,29.299999237060547,884977664
2021-06-30 20:45:30.822,29.299999237060547,884879360
2021-06-30 20:45:30.922,29.299999237060547,884838400
2021-06-30 20:45:31.023,35.70000076293945,884838400
2021-06-30 20:45:31.122,47.400001525878906,884903936
2021-06-30 20:45:31.223,24.299999237060547,884936704
2021-06-30 20:45:31.322,27.5,884903936
2021-06-30 20:45:31.422,23.100000381469727,884936704
2021-06-30 20:45:31.522,28.200000762939453,884969472
2021-06-30 20:45:31.622,23.100000381469727,884969472
2021-06-30 20:45:31.723,26.299999237060547,884969472
2021-06-30 20:45:31.822,33.29999923706055,884936704
2021-06-30 20:45:31.923,39.5,884826112
2021-06-30 20:45:32.022,23.100000381469727,884695040
2021-06-30 20:45:32.123,23.100000381469727,884989952
2021-06-30 20:45:32.222,27.5,884858880
2021-06-30 20:45:32.323,27.5,884858880
2021-06-30 20:45:32.422,25.0,884727808
2021-06-30 20:45:32.522,28.200000762939453,884793344
2021-06-30 20:45:32.622,25.0,884891648
2021-06-30 20:45:32.722,46.20000076293945,884756480
2021-06-30 20:45:32.822,25.0,884822016
2021-06-30 20:45:32.922,29.299999237060547,884813824
2021-06-30 20:45:33.023,23.100000381469727,884813824
2021-06-30 20:45:33.122,28.200000762939453,884813824
2021-06-30 20:45:33.222,25.0,884813824
2021-06-30 20:45:33.322,23.700000762939453,884813824
2021-06-30 20:45:33.422,25.0,884813824
2021-06-30 20:45:33.522,47.5,884793344
2021-06-30 20:45:33.622,23.100000381469727,884793344
2021-06-30 20:45:33.722,29.299999237060547,884789248
2021-06-30 20:45:33.822,21.100000381469727,884789248
2021-06-30 20:45:33.922,24.299999237060547,884920320
2021-06-30 20:45:34.023,26.799999237060547,884920320
2021-06-30 20:45:34.122,32.599998474121094,884920320
2021-06-30 20:45:34.223,31.700000762939453,885084160
2021-06-30 20:45:34.322,39.5,884920320
2021-06-30 20:45:34.422,23.100000381469727,884920320
2021-06-30 20:45:34.522,25.600000381469727,884920320
2021-06-30 20:45:34.622,26.299999237060547,884920320
2021-06-30 20:45:34.722,47.400001525878906,885084160
2021-06-30 20:45:34.822,22.5,884920320
2021-06-30 20:45:34.922,26.299999237060547,884768768
2021-06-30 20:45:35.022,25.0,884768768
2021-06-30 20:45:35.122,47.5,884764672
2021-06-30 20:45:35.222,31.700000762939453,884764672
2021-06-30 20:45:35.322,48.70000076293945,884764672
2021-06-30 20:45:35.422,26.799999237060547,884764672
2021-06-30 20:45:35.522,42.900001525878906,884764672
2021-06-30 20:45:35.622,26.799999237060547,884764672
2021-06-30 20:45:35.722,48.70000076293945,884764672
2021-06-30 20:45:35.822,31.0,884764672
2021-06-30 20:45:35.922,48.70000076293945,884826112
2021-06-30 20:45:36.022,23.700000762939453,884989952
2021-06-30 20:45:36.122,50.0,884891648
2021-06-30 20:45:36.222,39.5,884858880
2021-06-30 20:45:36.322,29.299999237060547,884858880
2021-06-30 20:45:36.422,26.799999237060547,884858880
2021-06-30 20:45:36.523,23.100000381469727,884826112
2021-06-30 20:45:36.622,21.600000381469727,884957184
2021-06-30 20:45:36.722,45.900001525878906,884924416
2021-06-30 20:45:36.822,30.0,884891648
2021-06-30 20:45:36.922,41.0,884740096
2021-06-30 20:45:37.022,18.899999618530273,884740096
2021-06-30 20:45:37.122,46.20000076293945,884740096
2021-06-30 20:45:37.222,31.0,884740096
2021-06-30 20:45:37.322,52.400001525878906,884736000
2021-06-30 20:45:37.422,31.0,884736000
2021-06-30 20:45:37.522,50.0,884727808
2021-06-30 20:45:37.622,25.600000381469727,884727808
2021-06-30 20:45:37.722,44.70000076293945,884727808
2021-06-30 20:45:37.822,18.899999618530273,884727808
2021-06-30 20:45:37.922,45.0,885022720
2021-06-30 20:45:38.022,23.700000762939453,884989952
2021-06-30 20:45:38.122,25.600000381469727,884760576
2021-06-30 20:45:38.222,21.600000381469727,884760576
2021-06-30 20:45:38.322,48.79999923706055,884760576
2021-06-30 20:45:38.422,20.5,884760576
2021-06-30 20:45:38.522,25.600000381469727,884793344
2021-06-30 20:45:38.622,18.899999618530273,884793344
2021-06-30 20:45:38.722,26.799999237060547,884793344
2021-06-30 20:45:38.822,26.799999237060547,884957184
2021-06-30 20:45:38.922,26.799999237060547,884711424
2021-06-30 20:45:39.022,28.600000381469727,884842496
2021-06-30 20:45:39.122,27.5,884842496
2021-06-30 20:45:39.222,26.799999237060547,884842496
2021-06-30 20:45:39.322,21.100000381469727,884842496
2021-06-30 20:45:39.422,29.299999237060547,884875264
2021-06-30 20:45:39.522,25.600000381469727,884744192
2021-06-30 20:45:39.622,25.600000381469727,884908032
2021-06-30 20:45:39.722,25.0,884740096
2021-06-30 20:45:39.822,25.0,884838400
2021-06-30 20:45:39.922,30.0,884871168
2021-06-30 20:45:40.022,22.5,884707328
2021-06-30 20:45:40.122,31.700000762939453,884740096
2021-06-30 20:45:40.222,18.899999618530273,884903936
2021-06-30 20:45:40.322,48.79999923706055,885035008
2021-06-30 20:45:40.422,19.399999618530273,884871168
2021-06-30 20:45:40.522,21.100000381469727,884805632
2021-06-30 20:45:40.622,25.600000381469727,884871168
2021-06-30 20:45:40.722,27.5,884740096
2021-06-30 20:45:40.822,18.899999618530273,884936704
2021-06-30 20:45:40.922,23.700000762939453,884826112
2021-06-30 20:45:41.022,21.100000381469727,884695040
2021-06-30 20:45:41.122,21.600000381469727,884826112
2021-06-30 20:45:41.222,21.100000381469727,884695040
2021-06-30 20:45:41.322,46.20000076293945,884695040
2021-06-30 20:45:41.422,47.5,884695040
2021-06-30 20:45:41.522,25.600000381469727,884551680
2021-06-30 20:45:41.622,26.200000762939453,884682752
2021-06-30 20:45:41.722,24.299999237060547,884715520
2021-06-30 20:45:41.822,25.0,884781056
2021-06-30 20:45:41.922,43.599998474121094,884809728
2021-06-30 20:45:42.022,25.600000381469727,884678656
2021-06-30 20:45:42.122,32.599998474121094,884940800
2021-06-30 20:45:42.222,18.899999618530273,884842496
2021-06-30 20:45:42.322,28.200000762939453,885071872
2021-06-30 20:45:42.422,23.100000381469727,884940800
2021-06-30 20:45:42.522,38.5,884809728
2021-06-30 20:45:42.622,36.599998474121094,884776960
2021-06-30 20:45:42.722,30.0,884940800
2021-06-30 20:45:42.822,29.5,884809728
2021-06-30 20:45:42.922,47.5,884699136
2021-06-30 20:45:43.022,26.799999237060547,884830208
2021-06-30 20:45:43.122,38.900001525878906,884957184
2021-06-30 20:45:43.222,23.700000762939453,884891648
2021-06-30 20:45:43.322,25.600000381469727,884924416
2021-06-30 20:45:43.422,22.5,884727808
2021-06-30 20:45:43.522,53.5,884756480
2021-06-30 20:45:43.622,25.600000381469727,884756480
2021-06-30 20:45:43.722,48.79999923706055,884592640
2021-06-30 20:45:43.822,24.299999237060547,884592640
2021-06-30 20:45:43.922,43.20000076293945,884908032
2021-06-30 20:45:44.022,23.700000762939453,884875264
2021-06-30 20:45:44.122,50.0,884744192
2021-06-30 20:45:44.222,26.799999237060547,884711424
2021-06-30 20:45:44.322,51.20000076293945,884809728
2021-06-30 20:45:44.422,28.200000762939453,884547584
2021-06-30 20:45:44.522,45.0,884711424
2021-06-30 20:45:44.622,31.700000762939453,884875264
2021-06-30 20:45:44.722,42.099998474121094,885006336
2021-06-30 20:45:44.822,27.0,884842496
2021-06-30 20:45:44.922,45.0,884760576
2021-06-30 20:45:45.022,35.0,884891648
2021-06-30 20:45:45.122,43.599998474121094,884887552
2021-06-30 20:45:45.222,27.5,884854784
2021-06-30 20:45:45.322,38.5,884592640
2021-06-30 20:45:45.422,35.0,884625408
2021-06-30 20:45:45.522,42.099998474121094,884723712
2021-06-30 20:45:45.622,28.899999618530273,884854784
2021-06-30 20:45:45.722,32.599998474121094,884850688
2021-06-30 20:45:45.822,16.200000762939453,884850688
2021-06-30 20:45:45.922,35.900001525878906,884752384
2021-06-30 20:45:46.022,31.600000381469727,884785152
2021-06-30 20:45:46.122,27.5,884752384
2021-06-30 20:45:46.222,18.899999618530273,884719616
2021-06-30 20:45:46.322,43.20000076293945,884809728
2021-06-30 20:45:46.422,53.5,884678656
2021-06-30 20:45:46.522,30.799999237060547,884514816
2021-06-30 20:45:46.622,25.0,884772864
2021-06-30 20:45:46.722,45.0,884641792
2021-06-30 20:45:46.822,26.299999237060547,884707328
2021-06-30 20:45:46.922,31.0,884867072
2021-06-30 20:45:47.023,18.899999618530273,884670464
2021-06-30 20:45:47.122,47.599998474121094,884670464
2021-06-30 20:45:47.222,20.0,884801536
2021-06-30 20:45:47.322,32.599998474121094,884834304
2021-06-30 20:45:47.422,26.799999237060547,884736000
2021-06-30 20:45:47.522,20.0,884703232
2021-06-30 20:45:47.622,21.100000381469727,884736000
2021-06-30 20:45:47.722,29.299999237060547,884703232
2021-06-30 20:45:47.822,16.700000762939453,884801536
2021-06-30 20:45:47.922,23.700000762939453,884842496
2021-06-30 20:45:48.022,26.200000762939453,884711424
2021-06-30 20:45:48.122,24.299999237060547,884699136
2021-06-30 20:45:48.222,24.399999618530273,884568064
2021-06-30 20:45:48.322,25.600000381469727,884633600
2021-06-30 20:45:48.422,20.5,884633600
2021-06-30 20:45:48.522,45.0,884895744
2021-06-30 20:45:48.622,28.600000381469727,884797440
2021-06-30 20:45:48.722,47.5,884830208
2021-06-30 20:45:48.822,25.0,884797440
2021-06-30 20:45:48.922,47.599998474121094,884563968
2021-06-30 20:45:49.022,25.0,884760576
2021-06-30 20:45:49.122,46.20000076293945,884760576
2021-06-30 20:45:49.222,24.299999237060547,884883456
2021-06-30 20:45:49.322,41.0,884752384
2021-06-30 20:45:49.422,20.0,884817920
2021-06-30 20:45:49.522,27.5,884850688
2021-06-30 20:45:49.622,23.100000381469727,884686848
2021-06-30 20:45:49.722,31.700000762939453,884752384
2021-06-30 20:45:49.822,28.600000381469727,884785152
2021-06-30 20:45:49.922,40.0,884973568
2021-06-30 20:45:50.022,33.29999923706055,884940800
2021-06-30 20:45:50.122,27.5,884940800
2021-06-30 20:45:50.222,25.0,884940800
2021-06-30 20:45:50.322,43.900001525878906,884973568
2021-06-30 20:45:50.422,27.5,884973568
2021-06-30 20:45:50.522,30.0,885002240
2021-06-30 20:45:50.622,16.200000762939453,884903936
2021-06-30 20:45:50.722,31.700000762939453,884936704
2021-06-30 20:45:50.822,20.5,884903936
2021-06-30 20:45:50.922,27.5,885063680
2021-06-30 20:45:51.022,16.700000762939453,885194752
2021-06-30 20:45:51.122,26.799999237060547,885358592
2021-06-30 20:45:51.222,28.600000381469727,885358592
2021-06-30 20:45:51.322,23.100000381469727,885194752
2021-06-30 20:45:51.422,14.300000190734863,885096448
2021-06-30 20:45:51.522,26.799999237060547,885194752
2021-06-30 20:45:51.622,21.100000381469727,885096448
2021-06-30 20:45:51.722,25.0,885227520
2021-06-30 20:45:51.822,21.600000381469727,885227520
2021-06-30 20:45:51.922,23.700000762939453,885186560
2021-06-30 20:45:52.022,23.100000381469727,885055488
2021-06-30 20:45:52.122,19.399999618530273,885186560
2021-06-30 20:45:52.222,23.700000762939453,885178368
2021-06-30 20:45:52.322,38.099998474121094,885178368
2021-06-30 20:45:52.422,50.0,885178368
2021-06-30 20:45:52.522,41.0,885161984
2021-06-30 20:45:52.622,23.700000762939453,885157888
2021-06-30 20:45:52.722,40.5,885157888
2021-06-30 20:45:52.822,35.900001525878906,885145600
2021-06-30 20:45:52.922,29.299999237060547,885014528
2021-06-30 20:45:53.022,25.0,885178368
2021-06-30 20:45:53.122,18.899999618530273,885342208
2021-06-30 20:45:53.222,23.700000762939453,885342208
2021-06-30 20:45:53.322,41.900001525878906,885178368
2021-06-30 20:45:53.422,39.0,885342208
2021-06-30 20:45:53.522,26.799999237060547,885178368
2021-06-30 20:45:53.622,21.100000381469727,885014528
2021-06-30 20:45:53.722,23.700000762939453,885178368
2021-06-30 20:45:53.822,29.299999237060547,885178368
2021-06-30 20:45:53.922,21.600000381469727,885133312
2021-06-30 20:45:54.023,30.0,885129216
2021-06-30 20:45:54.122,26.799999237060547,885129216
2021-06-30 20:45:54.222,23.700000762939453,885129216
2021-06-30 20:45:54.322,23.700000762939453,885129216
2021-06-30 20:45:54.422,25.0,885129216
2021-06-30 20:45:54.522,35.0,885129216
2021-06-30 20:45:54.622,41.5,885125120
2021-06-30 20:45:54.722,29.299999237060547,885125120
2021-06-30 20:45:54.822,25.600000381469727,885125120
2021-06-30 20:45:54.922,21.100000381469727,885125120
2021-06-30 20:45:55.022,23.700000762939453,885256192
2021-06-30 20:45:55.122,30.799999237060547,885125120
2021-06-30 20:45:55.222,41.5,885256192
2021-06-30 20:45:55.322,26.799999237060547,885092352
2021-06-30 20:45:55.422,25.600000381469727,885354496
2021-06-30 20:45:55.522,26.799999237060547,885223424
2021-06-30 20:45:55.622,23.700000762939453,885223424
2021-06-30 20:45:55.722,25.0,885125120
2021-06-30 20:45:55.822,14.699999809265137,885125120
2021-06-30 20:45:55.922,33.29999923706055,885125120
2021-06-30 20:45:56.022,39.0,885121024
2021-06-30 20:45:56.122,25.0,885121024
2021-06-30 20:45:56.222,16.700000762939453,885121024
2021-06-30 20:45:56.322,21.100000381469727,885121024
2021-06-30 20:45:56.422,23.100000381469727,885116928
2021-06-30 20:45:56.522,23.100000381469727,885116928
2021-06-30 20:45:56.622,23.700000762939453,885116928
2021-06-30 20:45:56.722,27.5,885149696
2021-06-30 20:45:56.822,21.100000381469727,885116928
2021-06-30 20:45:56.922,35.0,885116928
2021-06-30 20:45:57.022,44.20000076293945,885239808
2021-06-30 20:45:57.122,29.299999237060547,885272576
2021-06-30 20:45:57.222,21.600000381469727,885338112
2021-06-30 20:45:57.322,23.700000762939453,885305344
2021-06-30 20:45:57.422,21.600000381469727,885174272
2021-06-30 20:45:57.522,29.700000762939453,885010432
2021-06-30 20:45:57.622,51.20000076293945,885010432
2021-06-30 20:45:57.722,45.900001525878906,884944896
2021-06-30 20:45:57.822,23.100000381469727,885334016
2021-06-30 20:45:57.922,30.0,885215232
2021-06-30 20:45:58.022,47.599998474121094,885215232
2021-06-30 20:45:58.122,23.100000381469727,885346304
2021-06-30 20:45:58.222,23.700000762939453,885407744
2021-06-30 20:45:58.322,27.0,885243904
2021-06-30 20:45:58.422,39.5,885276672
2021-06-30 20:45:58.522,25.600000381469727,885374976
2021-06-30 20:45:58.622,26.799999237060547,885342208
2021-06-30 20:45:58.722,27.5,885407744
2021-06-30 20:45:58.822,52.400001525878906,885276672
2021-06-30 20:45:58.922,21.100000381469727,885354496
2021-06-30 20:45:59.022,19.399999618530273,885702656
2021-06-30 20:45:59.122,28.200000762939453,885538816
2021-06-30 20:45:59.222,38.900001525878906,885702656
2021-06-30 20:45:59.322,25.0,885669888
2021-06-30 20:45:59.422,23.700000762939453,885567488
2021-06-30 20:45:59.522,30.799999237060547,885567488
2021-06-30 20:45:59.622,40.5,885432320
2021-06-30 20:45:59.722,30.200000762939453,885497856
2021-06-30 20:45:59.822,25.600000381469727,885530624
2021-06-30 20:45:59.922,31.700000762939453,885690368
2021-06-30 20:46:00.022,40.0,885788672
2021-06-30 20:46:00.122,23.700000762939453,885788672
2021-06-30 20:46:00.222,25.0,885587968
2021-06-30 20:46:00.322,26.799999237060547,885456896
2021-06-30 20:46:00.422,31.0,885587968
2021-06-30 20:46:00.522,30.799999237060547,885686272
2021-06-30 20:46:00.622,39.5,885686272
2021-06-30 20:46:00.722,20.0,885456896
2021-06-30 20:46:00.822,46.20000076293945,885489664
2021-06-30 20:46:00.922,19.399999618530273,885587968
2021-06-30 20:46:01.022,44.70000076293945,885456896
2021-06-30 20:46:01.122,27.5,885456896
2021-06-30 20:46:01.222,19.399999618530273,885456896
2021-06-30 20:46:01.322,21.100000381469727,885391360
2021-06-30 20:46:01.422,21.600000381469727,885411840
2021-06-30 20:46:01.522,27.5,885411840
2021-06-30 20:46:01.622,45.900001525878906,885403648
2021-06-30 20:46:01.722,23.700000762939453,885403648
2021-06-30 20:46:01.822,46.20000076293945,885399552
2021-06-30 20:46:01.922,25.0,885399552
2021-06-30 20:46:02.022,47.400001525878906,885399552
2021-06-30 20:46:02.122,18.899999618530273,885497856
2021-06-30 20:46:02.222,23.100000381469727,885792768
2021-06-30 20:46:02.322,28.200000762939453,885628928
2021-06-30 20:46:02.422,44.70000076293945,885628928
2021-06-30 20:46:02.522,26.299999237060547,885596160
2021-06-30 20:46:02.622,48.70000076293945,885596160
2021-06-30 20:46:02.722,51.20000076293945,885563392
2021-06-30 20:46:02.822,47.400001525878906,885563392
2021-06-30 20:46:02.922,27.799999237060547,885559296
2021-06-30 20:46:03.022,36.099998474121094,885559296
2021-06-30 20:46:03.122,17.100000381469727,885559296
2021-06-30 20:46:03.222,25.600000381469727,885559296
2021-06-30 20:46:03.322,31.799999237060547,885559296
2021-06-30 20:46:03.422,17.100000381469727,885460992
2021-06-30 20:46:03.522,18.899999618530273,885460992
2021-06-30 20:46:03.622,44.70000076293945,885444608
2021-06-30 20:46:03.722,27.5,885444608
2021-06-30 20:46:03.822,25.600000381469727,885444608
2021-06-30 20:46:03.922,26.799999237060547,885608448
2021-06-30 20:46:04.022,23.700000762939453,885600256
2021-06-30 20:46:04.122,30.200000762939453,885665792
2021-06-30 20:46:04.222,48.79999923706055,885366784
2021-06-30 20:46:04.322,34.099998474121094,885432320
2021-06-30 20:46:04.422,45.0,885596160
2021-06-30 20:46:04.522,21.600000381469727,885432320
2021-06-30 20:46:04.622,26.799999237060547,885432320
2021-06-30 20:46:04.722,34.099998474121094,885596160
2021-06-30 20:46:04.822,44.20000076293945,885428224
2021-06-30 20:46:04.922,26.799999237060547,885526528
2021-06-30 20:46:05.022,26.799999237060547,885637120
2021-06-30 20:46:05.122,31.600000381469727,885637120
2021-06-30 20:46:05.222,38.5,885538816
2021-06-30 20:46:05.322,26.799999237060547,885571584
2021-06-30 20:46:05.422,25.600000381469727,885735424
2021-06-30 20:46:05.522,28.200000762939453,885637120
2021-06-30 20:46:05.622,48.79999923706055,885637120
2021-06-30 20:46:05.722,29.299999237060547,885637120
2021-06-30 20:46:05.822,29.299999237060547,885506048
2021-06-30 20:46:05.922,30.200000762939453,885506048
2021-06-30 20:46:06.022,19.399999618530273,885604352
2021-06-30 20:46:06.122,36.599998474121094,885735424
2021-06-30 20:46:06.222,39.5,885760000
2021-06-30 20:46:06.322,27.0,885760000
2021-06-30 20:46:06.422,44.70000076293945,885530624
2021-06-30 20:46:06.522,31.0,885530624
2021-06-30 20:46:06.622,43.599998474121094,885530624
2021-06-30 20:46:06.722,27.5,885530624
2021-06-30 20:46:06.822,21.600000381469727,885530624
2021-06-30 20:46:06.922,21.100000381469727,885592064
2021-06-30 20:46:07.022,25.600000381469727,885592064
2021-06-30 20:46:07.122,14.300000190734863,885493760
2021-06-30 20:46:07.222,41.70000076293945,885620736
2021-06-30 20:46:07.322,27.5,885489664
2021-06-30 20:46:07.422,18.899999618530273,885686272
2021-06-30 20:46:07.522,23.700000762939453,885751808
2021-06-30 20:46:07.622,18.899999618530273,885653504
2021-06-30 20:46:07.722,23.700000762939453,885522432
2021-06-30 20:46:07.822,50.0,885547008
2021-06-30 20:46:07.922,45.900001525878906,885731328
2021-06-30 20:46:08.022,32.400001525878906,885895168
2021-06-30 20:46:08.122,29.299999237060547,885862400
2021-06-30 20:46:08.222,40.5,885764096
2021-06-30 20:46:08.322,27.5,885764096
2021-06-30 20:46:08.422,23.100000381469727,885530624
2021-06-30 20:46:08.522,18.899999618530273,885694464
2021-06-30 20:46:08.622,47.5,885858304
2021-06-30 20:46:08.722,26.299999237060547,885858304
2021-06-30 20:46:08.822,30.200000762939453,885858304
2021-06-30 20:46:08.922,26.299999237060547,885747712
2021-06-30 20:46:09.022,27.5,885747712
2021-06-30 20:46:09.122,27.5,885714944
2021-06-30 20:46:09.222,46.29999923706055,885649408
2021-06-30 20:46:09.322,28.899999618530273,885551104
2021-06-30 20:46:09.422,46.20000076293945,885452800
2021-06-30 20:46:09.522,32.5,885649408
2021-06-30 20:46:09.622,36.79999923706055,885637120
2021-06-30 20:46:09.722,27.5,885604352
2021-06-30 20:46:09.822,28.600000381469727,885633024
2021-06-30 20:46:09.922,21.600000381469727,885534720
2021-06-30 20:46:10.022,31.0,885534720
2021-06-30 20:46:10.122,23.700000762939453,885600256
2021-06-30 20:46:10.222,29.299999237060547,885731328
2021-06-30 20:46:10.322,23.100000381469727,885731328
2021-06-30 20:46:10.422,44.70000076293945,885796864
2021-06-30 20:46:10.522,18.899999618530273,885731328
2021-06-30 20:46:10.622,27.5,885760000
2021-06-30 20:46:10.722,31.700000762939453,885760000
2021-06-30 20:46:10.822,44.400001525878906,885760000
2021-06-30 20:46:10.922,23.100000381469727,885690368
2021-06-30 20:46:11.022,23.100000381469727,885751808
2021-06-30 20:46:11.122,23.700000762939453,885587968
2021-06-30 20:46:11.222,47.5,885587968
2021-06-30 20:46:11.322,24.299999237060547,885751808
2021-06-30 20:46:11.422,23.100000381469727,885751808
2021-06-30 20:46:11.522,25.600000381469727,885587968
2021-06-30 20:46:11.622,23.700000762939453,885587968
2021-06-30 20:46:11.722,29.299999237060547,885587968
2021-06-30 20:46:11.822,19.399999618530273,885719040
2021-06-30 20:46:11.922,25.0,885673984
2021-06-30 20:46:12.022,21.600000381469727,885673984
2021-06-30 20:46:12.122,18.899999618530273,885673984
2021-06-30 20:46:12.222,26.799999237060547,885706752
2021-06-30 20:46:12.322,23.100000381469727,885542912
2021-06-30 20:46:12.422,18.899999618530273,885542912
2021-06-30 20:46:12.522,16.700000762939453,885706752
2021-06-30 20:46:12.622,23.100000381469727,885739520
2021-06-30 20:46:12.722,23.700000762939453,885739520
2021-06-30 20:46:12.822,24.299999237060547,885669888
2021-06-30 20:46:12.922,18.899999618530273,885669888
2021-06-30 20:46:13.022,17.100000381469727,885657600
2021-06-30 20:46:13.122,29.299999237060547,885592064
2021-06-30 20:46:13.222,29.299999237060547,885428224
2021-06-30 20:46:13.322,27.5,885460992
2021-06-30 20:46:13.422,41.900001525878906,885460992
2021-06-30 20:46:13.522,50.0,885624832
2021-06-30 20:46:13.622,50.0,885624832
2021-06-30 20:46:13.722,52.400001525878906,885723136
2021-06-30 20:46:13.822,47.400001525878906,885592064
2021-06-30 20:46:13.922,25.700000762939453,885612544
2021-06-30 20:46:14.022,42.099998474121094,885645312
2021-06-30 20:46:14.122,32.5,885612544
2021-06-30 20:46:14.222,43.599998474121094,885710848
2021-06-30 20:46:14.322,28.899999618530273,885645312
2021-06-30 20:46:14.422,39.5,885514240
2021-06-30 20:46:14.522,35.0,885645312
2021-06-30 20:46:14.622,36.099998474121094,885743616
2021-06-30 20:46:14.722,33.29999923706055,885743616
2021-06-30 20:46:14.822,40.0,885645312
2021-06-30 20:46:14.922,31.600000381469727,885604352
2021-06-30 20:46:15.022,45.20000076293945,885604352
2021-06-30 20:46:15.122,30.0,885473280
2021-06-30 20:46:15.222,36.79999923706055,885473280
2021-06-30 20:46:15.322,28.899999618530273,885506048
2021-06-30 20:46:15.422,41.0,885440512
2021-06-30 20:46:15.522,28.899999618530273,885506048
2021-06-30 20:46:15.622,36.79999923706055,885506048
2021-06-30 20:46:15.722,33.29999923706055,885669888
2021-06-30 20:46:15.822,48.79999923706055,885637120
2021-06-30 20:46:15.922,24.299999237060547,885469184
2021-06-30 20:46:16.022,42.5,885460992
2021-06-30 20:46:16.122,24.299999237060547,885460992
2021-06-30 20:46:16.222,40.5,885526528
2021-06-30 20:46:16.322,33.29999923706055,885559296
2021-06-30 20:46:16.422,28.600000381469727,885657600
2021-06-30 20:46:16.522,26.799999237060547,885657600
2021-06-30 20:46:16.622,48.79999923706055,885526528
2021-06-30 20:46:16.722,25.600000381469727,885493760
2021-06-30 20:46:16.822,23.700000762939453,885428224
2021-06-30 20:46:16.922,14.300000190734863,885583872
2021-06-30 20:46:17.022,43.20000076293945,885645312
2021-06-30 20:46:17.122,26.299999237060547,885547008
2021-06-30 20:46:17.222,27.5,885678080
2021-06-30 20:46:17.322,25.600000381469727,885678080
2021-06-30 20:46:17.422,43.900001525878906,885481472
2021-06-30 20:46:17.522,25.700000762939453,885514240
2021-06-30 20:46:17.622,25.0,885579776
2021-06-30 20:46:17.722,23.700000762939453,885612544
2021-06-30 20:46:17.822,26.799999237060547,885579776
2021-06-30 20:46:17.922,25.600000381469727,885342208
2021-06-30 20:46:18.022,41.0,885473280
2021-06-30 20:46:18.122,30.799999237060547,885473280
2021-06-30 20:46:18.222,27.5,885501952
2021-06-30 20:46:18.322,23.100000381469727,885534720
2021-06-30 20:46:18.422,19.399999618530273,885633024
2021-06-30 20:46:18.522,25.0,885600256
2021-06-30 20:46:18.622,47.599998474121094,885444608
2021-06-30 20:46:18.722,48.70000076293945,885575680
2021-06-30 20:46:18.823,54.79999923706055,885411840
2021-06-30 20:46:18.922,32.599998474121094,885280768
2021-06-30 20:46:19.022,27.5,885411840
2021-06-30 20:46:19.122,23.100000381469727,885477376
2021-06-30 20:46:19.222,25.600000381469727,885338112
2021-06-30 20:46:19.322,23.100000381469727,885207040
2021-06-30 20:46:19.422,21.100000381469727,885432320
2021-06-30 20:46:19.522,23.700000762939453,885465088
2021-06-30 20:46:19.622,25.600000381469727,885465088
2021-06-30 20:46:19.722,21.600000381469727,885563392
2021-06-30 20:46:19.822,23.700000762939453,885465088
2021-06-30 20:46:19.922,28.600000381469727,885493760
2021-06-30 20:46:20.022,25.600000381469727,885587968
2021-06-30 20:46:20.122,23.700000762939453,885620736
2021-06-30 20:46:20.222,35.900001525878906,885620736
2021-06-30 20:46:20.322,29.700000762939453,885456896
2021-06-30 20:46:20.422,19.399999618530273,885485568
2021-06-30 20:46:20.522,28.600000381469727,885649408
2021-06-30 20:46:20.622,23.700000762939453,885649408
2021-06-30 20:46:20.722,23.700000762939453,885616640
2021-06-30 20:46:20.822,21.600000381469727,885583872
2021-06-30 20:46:20.922,31.799999237060547,885514240
2021-06-30 20:46:21.022,31.600000381469727,885514240
2021-06-30 20:46:21.122,44.20000076293945,885645312
2021-06-30 20:46:21.222,27.5,885481472
2021-06-30 20:46:21.322,21.600000381469727,885579776
2021-06-30 20:46:21.422,21.600000381469727,885346304
2021-06-30 20:46:21.522,21.100000381469727,885346304
2021-06-30 20:46:21.622,42.099998474121094,885477376
2021-06-30 20:46:21.722,27.0,885215232
2021-06-30 20:46:21.822,23.100000381469727,885248000
2021-06-30 20:46:21.922,21.600000381469727,885374976
2021-06-30 20:46:22.022,25.0,885501952
2021-06-30 20:46:22.122,23.100000381469727,885403648
2021-06-30 20:46:22.222,21.600000381469727,885436416
2021-06-30 20:46:22.322,23.100000381469727,885469184
2021-06-30 20:46:22.422,31.600000381469727,885370880
2021-06-30 20:46:22.522,36.79999923706055,885501952
2021-06-30 20:46:22.622,33.29999923706055,885497856
2021-06-30 20:46:22.722,35.29999923706055,885432320
2021-06-30 20:46:22.822,21.600000381469727,885497856
2021-06-30 20:46:22.922,23.100000381469727,885366784
2021-06-30 20:46:23.022,35.0,885530624
2021-06-30 20:46:23.122,38.900001525878906,885530624
2021-06-30 20:46:23.222,39.0,885366784
2021-06-30 20:46:23.322,39.5,885202944
2021-06-30 20:46:23.422,31.600000381469727,885530624
2021-06-30 20:46:23.522,37.5,885530624
2021-06-30 20:46:23.622,19.399999618530273,885530624
2021-06-30 20:46:23.722,23.100000381469727,885530624
2021-06-30 20:46:23.822,32.400001525878906,885202944
2021-06-30 20:46:23.922,48.70000076293945,885395456
2021-06-30 20:46:24.022,47.400001525878906,885395456
2021-06-30 20:46:24.122,35.099998474121094,885362688
2021-06-30 20:46:24.222,29.299999237060547,885325824
2021-06-30 20:46:24.322,18.899999618530273,885325824
2021-06-30 20:46:24.422,37.5,885325824
2021-06-30 20:46:24.522,25.0,885325824
2021-06-30 20:46:24.622,19.399999618530273,885325824
2021-06-30 20:46:24.722,25.0,885583872
2021-06-30 20:46:24.822,40.5,885583872
2021-06-30 20:46:24.922,34.20000076293945,885452800
2021-06-30 20:46:25.022,29.299999237060547,885387264
2021-06-30 20:46:25.122,23.100000381469727,885420032
2021-06-30 20:46:25.222,30.200000762939453,885518336
2021-06-30 20:46:25.322,23.700000762939453,885387264
2021-06-30 20:46:25.422,25.0,885387264
2021-06-30 20:46:25.522,20.5,885583872
2021-06-30 20:46:25.622,28.600000381469727,885551104
2021-06-30 20:46:25.722,18.899999618530273,885387264
2021-06-30 20:46:25.822,21.100000381469727,885387264
2021-06-30 20:46:25.922,18.899999618530273,885583872
2021-06-30 20:46:26.023,29.299999237060547,885710848
2021-06-30 20:46:26.122,23.700000762939453,885612544
2021-06-30 20:46:26.222,28.600000381469727,885645312
2021-06-30 20:46:26.322,23.700000762939453,885612544
2021-06-30 20:46:26.422,23.100000381469727,885514240
2021-06-30 20:46:26.522,27.5,885710848
2021-06-30 20:46:26.622,28.899999618530273,885579776
2021-06-30 20:46:26.722,39.5,885448704
2021-06-30 20:46:26.822,29.700000762939453,885575680
2021-06-30 20:46:26.922,39.5,885575680
2021-06-30 20:46:27.022,34.099998474121094,885739520
2021-06-30 20:46:27.122,42.099998474121094,885575680
2021-06-30 20:46:27.222,33.29999923706055,885575680
2021-06-30 20:46:27.322,43.599998474121094,885575680
2021-06-30 20:46:27.422,28.899999618530273,885739520
2021-06-30 20:46:27.522,46.29999923706055,885575680
2021-06-30 20:46:27.622,33.29999923706055,885739520
2021-06-30 20:46:27.722,39.0,885575680
2021-06-30 20:46:27.822,35.900001525878906,885575680
2021-06-30 20:46:27.922,35.099998474121094,885555200
2021-06-30 20:46:28.022,21.100000381469727,885587968
2021-06-30 20:46:28.122,23.100000381469727,885653504
2021-06-30 20:46:28.222,33.29999923706055,885579776
2021-06-30 20:46:28.322,39.0,885415936
2021-06-30 20:46:28.422,29.299999237060547,885469184
2021-06-30 20:46:28.522,31.0,885600256
2021-06-30 20:46:28.622,30.799999237060547,885501952
2021-06-30 20:46:28.722,39.5,885633024
2021-06-30 20:46:28.822,19.399999618530273,885501952
2021-06-30 20:46:28.922,25.600000381469727,885383168
2021-06-30 20:46:29.022,29.299999237060547,885645312
2021-06-30 20:46:29.122,25.0,885514240
2021-06-30 20:46:29.222,21.600000381469727,885612544
2021-06-30 20:46:29.322,25.0,885547008
2021-06-30 20:46:29.422,21.100000381469727,885514240
2021-06-30 20:46:29.522,27.5,885547008
2021-06-30 20:46:29.622,22.200000762939453,885350400
2021-06-30 20:46:29.722,51.20000076293945,885383168
2021-06-30 20:46:29.822,48.599998474121094,885514240
2021-06-30 20:46:29.922,43.599998474121094,885465088
2021-06-30 20:46:30.022,21.600000381469727,885497856
2021-06-30 20:46:30.122,23.700000762939453,885465088
2021-06-30 20:46:30.222,25.600000381469727,885559296
2021-06-30 20:46:30.322,21.600000381469727,885624832
2021-06-30 20:46:30.422,18.899999618530273,885559296
2021-06-30 20:46:30.522,16.700000762939453,885690368
2021-06-30 20:46:30.622,29.700000762939453,885424128
2021-06-30 20:46:30.722,36.099998474121094,885522432
2021-06-30 20:46:30.822,19.399999618530273,885620736
2021-06-30 20:46:30.922,16.700000762939453,885489664
2021-06-30 20:46:31.022,24.299999237060547,885555200
2021-06-30 20:46:31.122,18.899999618530273,885293056
2021-06-30 20:46:31.222,24.299999237060547,885456896
2021-06-30 20:46:31.322,25.0,885456896
2021-06-30 20:46:31.422,25.600000381469727,885456896
2021-06-30 20:46:31.522,23.100000381469727,885452800
2021-06-30 20:46:31.622,27.5,885583872
2021-06-30 20:46:31.722,21.100000381469727,885682176
2021-06-30 20:46:31.822,19.399999618530273,885551104
2021-06-30 20:46:31.922,25.0,885477376
2021-06-30 20:46:32.022,22.200000762939453,885477376
2021-06-30 20:46:32.122,39.5,885608448
2021-06-30 20:46:32.222,23.700000762939453,885444608
2021-06-30 20:46:32.322,19.399999618530273,885575680
2021-06-30 20:46:32.422,23.100000381469727,885510144
2021-06-30 20:46:32.522,29.299999237060547,885510144
2021-06-30 20:46:32.622,33.29999923706055,885444608
2021-06-30 20:46:32.722,36.79999923706055,885444608
2021-06-30 20:46:32.822,23.700000762939453,885575680
2021-06-30 20:46:32.922,28.600000381469727,885325824
2021-06-30 20:46:33.022,33.29999923706055,885456896
2021-06-30 20:46:33.122,37.5,885522432
2021-06-30 20:46:33.222,23.700000762939453,885391360
2021-06-30 20:46:33.322,26.799999237060547,885424128
2021-06-30 20:46:33.422,30.799999237060547,885489664
2021-06-30 20:46:33.522,35.099998474121094,885489664
2021-06-30 20:46:33.622,29.299999237060547,885346304
2021-06-30 20:46:33.722,25.600000381469727,885477376
2021-06-30 20:46:33.822,34.099998474121094,885444608
2021-06-30 20:46:33.922,45.20000076293945,885477376
2021-06-30 20:46:34.022,23.700000762939453,885477376
2021-06-30 20:46:34.122,21.100000381469727,885346304
2021-06-30 20:46:34.222,26.299999237060547,885575680
2021-06-30 20:46:34.322,46.20000076293945,885477376
2021-06-30 20:46:34.422,21.600000381469727,885600256
2021-06-30 20:46:34.522,21.100000381469727,885665792
2021-06-30 20:46:34.622,20.0,885829632
2021-06-30 20:46:34.722,51.20000076293945,885829632
2021-06-30 20:46:34.822,47.400001525878906,885694464
2021-06-30 20:46:34.922,50.0,885694464
2021-06-30 20:46:35.022,26.799999237060547,885858304
2021-06-30 20:46:35.122,17.100000381469727,885694464
2021-06-30 20:46:35.222,26.299999237060547,885694464
2021-06-30 20:46:35.322,43.599998474121094,885694464
2021-06-30 20:46:35.422,23.100000381469727,885760000
2021-06-30 20:46:35.522,43.20000076293945,885628928
2021-06-30 20:46:35.622,31.0,885956608
2021-06-30 20:46:35.722,25.0,885760000
2021-06-30 20:46:35.822,28.600000381469727,885760000
2021-06-30 20:46:35.922,41.70000076293945,885669888
2021-06-30 20:46:36.022,28.200000762939453,885571584
2021-06-30 20:46:36.122,21.100000381469727,885702656
2021-06-30 20:46:36.222,30.0,885637120
2021-06-30 20:46:36.322,40.0,885669888
2021-06-30 20:46:36.422,21.600000381469727,885800960
2021-06-30 20:46:36.522,21.100000381469727,885702656
2021-06-30 20:46:36.622,23.700000762939453,885735424
2021-06-30 20:46:36.722,18.899999618530273,885735424
2021-06-30 20:46:36.822,25.0,885571584
2021-06-30 20:46:36.922,21.100000381469727,885669888
2021-06-30 20:46:37.022,23.100000381469727,885538816
2021-06-30 20:46:37.122,25.0,885702656
2021-06-30 20:46:37.222,23.100000381469727,885702656
2021-06-30 20:46:37.322,23.100000381469727,885735424
2021-06-30 20:46:37.422,16.200000762939453,885506048
2021-06-30 20:46:37.522,23.700000762939453,885669888
2021-06-30 20:46:37.622,21.100000381469727,885637120
2021-06-30 20:46:37.722,30.799999237060547,885637120
2021-06-30 20:46:37.822,20.5,885669888
2021-06-30 20:46:37.922,25.600000381469727,885669888
2021-06-30 20:46:38.022,23.100000381469727,885669888
2021-06-30 20:46:38.122,24.299999237060547,885665792
2021-06-30 20:46:38.222,22.5,885665792
2021-06-30 20:46:38.322,26.299999237060547,885661696
2021-06-30 20:46:38.422,21.100000381469727,885661696
2021-06-30 20:46:38.522,44.400001525878906,885641216
2021-06-30 20:46:38.622,18.899999618530273,885641216
2021-06-30 20:46:38.722,28.200000762939453,885641216
2021-06-30 20:46:38.822,21.600000381469727,885641216
2021-06-30 20:46:38.922,51.20000076293945,885608448
2021-06-30 20:46:39.022,31.0,885477376
2021-06-30 20:46:39.122,43.20000076293945,885411840
2021-06-30 20:46:39.222,21.600000381469727,885411840
2021-06-30 20:46:39.322,48.70000076293945,885477376
2021-06-30 20:46:39.422,25.600000381469727,885379072
2021-06-30 20:46:39.522,48.79999923706055,885575680
2021-06-30 20:46:39.622,16.700000762939453,885575680
2021-06-30 20:46:39.722,44.400001525878906,885608448
2021-06-30 20:46:39.822,43.20000076293945,885444608
2021-06-30 20:46:39.922,51.20000076293945,885497856
2021-06-30 20:46:40.022,50.0,885628928
2021-06-30 20:46:40.122,53.70000076293945,885497856
2021-06-30 20:46:40.222,45.0,885694464
2021-06-30 20:46:40.322,50.0,885657600
2021-06-30 20:46:40.422,25.600000381469727,885755904
2021-06-30 20:46:40.522,44.70000076293945,885755904
2021-06-30 20:46:40.622,25.0,885755904
2021-06-30 20:46:40.722,50.0,885747712
2021-06-30 20:46:40.822,30.200000762939453,885747712
2021-06-30 20:46:40.922,47.400001525878906,885727232
2021-06-30 20:46:41.022,18.899999618530273,885596160
2021-06-30 20:46:41.122,42.900001525878906,885399552
2021-06-30 20:46:41.222,23.100000381469727,885465088
2021-06-30 20:46:41.322,48.70000076293945,885628928
2021-06-30 20:46:41.422,26.799999237060547,885596160
2021-06-30 20:46:41.522,50.0,885760000
2021-06-30 20:46:41.622,21.600000381469727,885596160
2021-06-30 20:46:41.722,29.299999237060547,885563392
2021-06-30 20:46:41.822,25.0,885530624
2021-06-30 20:46:41.922,48.79999923706055,885587968
2021-06-30 20:46:42.022,24.299999237060547,885719040
2021-06-30 20:46:42.122,21.600000381469727,885653504
2021-06-30 20:46:42.222,30.200000762939453,885653504
2021-06-30 20:46:42.322,41.0,885649408
2021-06-30 20:46:42.422,32.5,885649408
2021-06-30 20:46:42.522,19.399999618530273,885645312
2021-06-30 20:46:42.622,23.100000381469727,885645312
2021-06-30 20:46:42.722,27.5,885645312
2021-06-30 20:46:42.822,23.700000762939453,885448704
2021-06-30 20:46:42.922,43.900001525878906,885579776
2021-06-30 20:46:43.022,36.599998474121094,885579776
2021-06-30 20:46:43.122,26.799999237060547,885608448
2021-06-30 20:46:43.222,21.100000381469727,885608448
2021-06-30 20:46:43.322,25.600000381469727,885739520
2021-06-30 20:46:43.422,19.399999618530273,885706752
2021-06-30 20:46:43.522,23.700000762939453,885608448
2021-06-30 20:46:43.622,23.100000381469727,885608448
2021-06-30 20:46:43.722,31.0,885739520
2021-06-30 20:46:43.822,28.600000381469727,885575680
2021-06-30 20:46:43.922,33.29999923706055,885551104
2021-06-30 20:46:44.022,31.600000381469727,885551104
2021-06-30 20:46:44.122,25.600000381469727,885547008
2021-06-30 20:46:44.222,28.600000381469727,885415936
2021-06-30 20:46:44.322,21.600000381469727,885448704
2021-06-30 20:46:44.422,21.100000381469727,885579776
2021-06-30 20:46:44.522,31.700000762939453,885481472
2021-06-30 20:46:44.622,21.100000381469727,885383168
2021-06-30 20:46:44.722,38.5,885444608
2021-06-30 20:46:44.822,46.20000076293945,885444608
2021-06-30 20:46:44.922,51.29999923706055,885542912
2021-06-30 20:46:45.022,46.20000076293945,885542912
2021-06-30 20:46:45.122,23.5,885542912
2021-06-30 20:46:45.222,26.799999237060547,885542912
2021-06-30 20:46:45.322,23.700000762939453,885542912
2021-06-30 20:46:45.422,26.200000762939453,885542912
2021-06-30 20:46:45.522,45.900001525878906,885538816
2021-06-30 20:46:45.622,18.899999618530273,885538816
2021-06-30 20:46:45.722,26.299999237060547,885534720
2021-06-30 20:46:45.822,23.100000381469727,885534720
2021-06-30 20:46:45.922,29.299999237060547,885403648
2021-06-30 20:46:46.022,23.100000381469727,885403648
2021-06-30 20:46:46.122,29.299999237060547,885305344
2021-06-30 20:46:46.222,23.100000381469727,885633024
2021-06-30 20:46:46.322,47.599998474121094,885501952
2021-06-30 20:46:46.422,22.200000762939453,885567488
2021-06-30 20:46:46.522,25.600000381469727,885567488
2021-06-30 20:46:46.622,21.100000381469727,885600256
2021-06-30 20:46:46.722,41.70000076293945,885534720
2021-06-30 20:46:46.822,28.200000762939453,885665792
2021-06-30 20:46:46.922,23.700000762939453,885657600
2021-06-30 20:46:47.022,21.100000381469727,885526528
2021-06-30 20:46:47.122,37.79999923706055,885559296
2021-06-30 20:46:47.222,33.29999923706055,885657600
2021-06-30 20:46:47.322,42.900001525878906,885592064
2021-06-30 20:46:47.422,32.5,885559296
2021-06-30 20:46:47.522,29.299999237060547,885612544
2021-06-30 20:46:47.622,21.100000381469727,885612544
2021-06-30 20:46:47.722,35.900001525878906,885444608
2021-06-30 20:46:47.822,27.799999237060547,885444608
2021-06-30 20:46:47.922,19.399999618530273,885501952
2021-06-30 20:46:48.022,25.0,885501952
2021-06-30 20:46:48.122,42.099998474121094,885501952
2021-06-30 20:46:48.222,21.100000381469727,885501952
2021-06-30 20:46:48.322,41.70000076293945,885760000
2021-06-30 20:46:48.422,21.600000381469727,885760000
2021-06-30 20:46:48.522,22.200000762939453,885747712
2021-06-30 20:46:48.622,13.899999618530273,885747712
2021-06-30 20:46:48.722,46.29999923706055,885739520
2021-06-30 20:46:48.822,28.899999618530273,885739520
2021-06-30 20:46:48.922,26.799999237060547,885870592
2021-06-30 20:46:49.022,23.100000381469727,885673984
2021-06-30 20:46:49.122,30.0,885608448
2021-06-30 20:46:49.222,25.0,885608448
2021-06-30 20:46:49.322,23.700000762939453,885739520
2021-06-30 20:46:49.422,28.600000381469727,885673984
2021-06-30 20:46:49.522,26.799999237060547,885870592
2021-06-30 20:46:49.622,26.799999237060547,885706752
2021-06-30 20:46:49.722,18.899999618530273,885608448
2021-06-30 20:46:49.822,25.0,885870592
2021-06-30 20:46:49.922,30.0,885608448
2021-06-30 20:46:50.022,20.5,885641216
2021-06-30 20:46:50.122,18.899999618530273,885739520
2021-06-30 20:46:50.222,26.799999237060547,885772288
2021-06-30 20:46:50.322,28.899999618530273,885772288
2021-06-30 20:46:50.422,23.100000381469727,885673984
2021-06-30 20:46:50.522,21.600000381469727,885764096
2021-06-30 20:46:50.622,25.0,885633024
2021-06-30 20:46:50.722,31.0,885628928
2021-06-30 20:46:50.822,28.600000381469727,885628928
2021-06-30 20:46:50.922,31.600000381469727,885727232
2021-06-30 20:46:51.022,48.79999923706055,885727232
2021-06-30 20:46:51.122,56.79999923706055,885891072
2021-06-30 20:46:51.222,48.70000076293945,885891072
2021-06-30 20:46:51.322,38.5,885813248
2021-06-30 20:46:51.422,25.0,885747712
2021-06-30 20:46:51.522,23.700000762939453,885747712
2021-06-30 20:46:51.622,23.100000381469727,885780480
2021-06-30 20:46:51.722,40.0,885747712
2021-06-30 20:46:51.822,29.700000762939453,885714944
2021-06-30 20:46:51.922,21.600000381469727,885735424
2021-06-30 20:46:52.022,21.100000381469727,885702656
2021-06-30 20:46:52.122,19.399999618530273,885698560
2021-06-30 20:46:52.222,25.0,885698560
2021-06-30 20:46:52.322,27.5,885698560
2021-06-30 20:46:52.422,23.100000381469727,885698560
2021-06-30 20:46:52.522,40.0,885690368
2021-06-30 20:46:52.622,38.099998474121094,885690368
2021-06-30 20:46:52.722,28.200000762939453,885686272
2021-06-30 20:46:52.822,26.799999237060547,885686272
2021-06-30 20:46:52.922,21.600000381469727,885813248
2021-06-30 20:46:53.022,21.100000381469727,885780480
2021-06-30 20:46:53.122,25.600000381469727,885714944
2021-06-30 20:46:53.222,23.100000381469727,885616640
2021-06-30 20:46:53.322,31.700000762939453,885878784
2021-06-30 20:46:53.422,23.100000381469727,885714944
2021-06-30 20:46:53.522,33.29999923706055,885714944
2021-06-30 20:46:53.622,40.0,885583872
2021-06-30 20:46:53.722,27.5,885649408
2021-06-30 20:46:53.822,27.5,885682176
2021-06-30 20:46:53.922,29.299999237060547,885669888
2021-06-30 20:46:54.022,18.899999618530273,885669888
2021-06-30 20:46:54.122,25.600000381469727,885661696
2021-06-30 20:46:54.222,25.0,885661696
2021-06-30 20:46:54.322,21.600000381469727,885661696
2021-06-30 20:46:54.422,22.5,885661696
2021-06-30 20:46:54.522,29.299999237060547,885661696
2021-06-30 20:46:54.622,21.100000381469727,885661696
2021-06-30 20:46:54.722,27.5,885653504
2021-06-30 20:46:54.822,18.899999618530273,885653504
2021-06-30 20:46:54.922,25.600000381469727,885653504
2021-06-30 20:46:55.022,21.100000381469727,885981184
2021-06-30 20:46:55.122,27.5,885653504
2021-06-30 20:46:55.222,26.799999237060547,885653504
2021-06-30 20:46:55.322,35.900001525878906,885489664
2021-06-30 20:46:55.422,41.5,885817344
2021-06-30 20:46:55.522,23.700000762939453,885817344
2021-06-30 20:46:55.622,21.100000381469727,885653504
2021-06-30 20:46:55.722,26.299999237060547,885817344
2021-06-30 20:46:55.822,21.100000381469727,885653504
2021-06-30 20:46:55.922,21.600000381469727,885649408
2021-06-30 20:46:56.022,14.300000190734863,885649408
2021-06-30 20:46:56.122,36.599998474121094,885649408
2021-06-30 20:46:56.222,48.70000076293945,885682176
2021-06-30 20:46:56.322,50.0,885673984
2021-06-30 20:46:56.422,46.20000076293945,885641216
2021-06-30 20:46:56.522,40.0,885641216
2021-06-30 20:46:56.622,25.0,885641216
2021-06-30 20:46:56.722,29.299999237060547,885637120
2021-06-30 20:46:56.822,23.100000381469727,885637120
2021-06-30 20:46:56.922,32.599998474121094,885628928
2021-06-30 20:46:57.022,26.799999237060547,885727232
2021-06-30 20:46:57.122,30.0,885727232
2021-06-30 20:46:57.222,42.099998474121094,885760000
2021-06-30 20:46:57.322,25.600000381469727,885760000
2021-06-30 20:46:57.422,26.799999237060547,885760000
2021-06-30 20:46:57.522,25.600000381469727,885628928
2021-06-30 20:46:57.622,25.0,885497856
2021-06-30 20:46:57.722,29.299999237060547,885563392
2021-06-30 20:46:57.822,11.800000190734863,885596160
2021-06-30 20:46:57.922,25.0,885694464
2021-06-30 20:46:58.022,23.100000381469727,885596160
2021-06-30 20:46:58.122,25.600000381469727,885596160
2021-06-30 20:46:58.222,16.700000762939453,885694464
2021-06-30 20:46:58.322,30.0,885694464
2021-06-30 20:46:58.422,25.0,885563392
2021-06-30 20:46:58.522,31.0,885694464
2021-06-30 20:46:58.622,26.799999237060547,885694464
2021-06-30 20:46:58.722,25.600000381469727,885694464
2021-06-30 20:46:58.822,19.399999618530273,885727232
2021-06-30 20:46:58.922,21.600000381469727,885616640
2021-06-30 20:46:59.022,20.5,885547008
2021-06-30 20:46:59.122,22.200000762939453,885710848
2021-06-30 20:46:59.222,42.099998474121094,885579776
2021-06-30 20:46:59.322,25.600000381469727,885678080
2021-06-30 20:46:59.422,18.899999618530273,885710848
2021-06-30 20:46:59.522,23.700000762939453,885706752
2021-06-30 20:46:59.622,23.100000381469727,885739520
2021-06-30 20:46:59.722,31.0,885477376
2021-06-30 20:46:59.822,42.099998474121094,885477376
2021-06-30 20:46:59.922,23.700000762939453,885587968
2021-06-30 20:47:00.022,21.100000381469727,885489664
2021-06-30 20:47:00.122,32.599998474121094,885522432
2021-06-30 20:47:00.222,23.100000381469727,885587968
2021-06-30 20:47:00.322,34.20000076293945,885653504
2021-06-30 20:47:00.422,32.400001525878906,885653504
2021-06-30 20:47:00.522,31.700000762939453,885653504
2021-06-30 20:47:00.622,26.799999237060547,885555200
2021-06-30 20:47:00.722,27.5,885547008
2021-06-30 20:47:00.822,22.5,885612544
2021-06-30 20:47:00.922,27.0,885579776
2021-06-30 20:47:01.022,42.5,885612544
2021-06-30 20:47:01.122,25.600000381469727,885612544
2021-06-30 20:47:01.222,26.799999237060547,885579776
2021-06-30 20:47:01.322,26.299999237060547,885579776
2021-06-30 20:47:01.422,18.899999618530273,885579776
2021-06-30 20:47:01.522,30.799999237060547,885579776
2021-06-30 20:47:01.622,48.79999923706055,885579776
2021-06-30 20:47:01.722,48.599998474121094,885575680
2021-06-30 20:47:01.822,48.79999923706055,885575680
2021-06-30 20:47:01.922,50.0,885833728
2021-06-30 20:47:02.022,23.100000381469727,885997568
2021-06-30 20:47:02.122,30.799999237060547,885997568
2021-06-30 20:47:02.222,43.900001525878906,885833728
2021-06-30 20:47:02.322,24.299999237060547,885997568
2021-06-30 20:47:02.422,22.5,885833728
2021-06-30 20:47:02.522,19.399999618530273,885833728
2021-06-30 20:47:02.622,18.899999618530273,885833728
2021-06-30 20:47:02.722,17.100000381469727,885997568
2021-06-30 20:47:02.822,16.700000762939453,885997568
2021-06-30 20:47:02.922,32.400001525878906,885788672
2021-06-30 20:47:03.022,39.0,885788672
2021-06-30 20:47:03.122,24.299999237060547,885784576
2021-06-30 20:47:03.222,31.799999237060547,885784576
2021-06-30 20:47:03.322,35.0,885784576
2021-06-30 20:47:03.422,42.5,885784576
2021-06-30 20:47:03.522,24.299999237060547,886042624
2021-06-30 20:47:03.622,24.399999618530273,886042624
2021-06-30 20:47:03.722,19.399999618530273,886042624
2021-06-30 20:47:03.822,25.0,886042624
2021-06-30 20:47:03.922,21.600000381469727,886173696
2021-06-30 20:47:04.022,42.099998474121094,886173696
2021-06-30 20:47:04.122,30.0,886173696
2021-06-30 20:47:04.222,26.200000762939453,886140928
2021-06-30 20:47:04.322,21.600000381469727,886136832
2021-06-30 20:47:04.422,21.100000381469727,886235136
2021-06-30 20:47:04.522,22.200000762939453,886157312
2021-06-30 20:47:04.622,42.5,886288384
2021-06-30 20:47:04.722,17.100000381469727,886288384
2021-06-30 20:47:04.822,25.0,886124544
2021-06-30 20:47:04.922,35.0,886022144
2021-06-30 20:47:05.022,42.5,885956608
2021-06-30 20:47:05.122,32.5,885956608
2021-06-30 20:47:05.222,38.20000076293945,886022144
2021-06-30 20:47:05.322,29.299999237060547,886022144
2021-06-30 20:47:05.422,40.0,886054912
2021-06-30 20:47:05.522,30.799999237060547,886054912
2021-06-30 20:47:05.622,45.0,885919744
2021-06-30 20:47:05.722,24.299999237060547,885919744
2021-06-30 20:47:05.822,45.0,885985280
2021-06-30 20:47:05.922,33.29999923706055,886140928
2021-06-30 20:47:06.022,46.29999923706055,885944320
2021-06-30 20:47:06.122,26.299999237060547,886042624
2021-06-30 20:47:06.222,42.099998474121094,886042624
2021-06-30 20:47:06.322,34.099998474121094,886042624
2021-06-30 20:47:06.422,40.0,886206464
2021-06-30 20:47:06.522,28.600000381469727,886140928
2021-06-30 20:47:06.622,45.900001525878906,886140928
2021-06-30 20:47:06.722,47.400001525878906,886009856
2021-06-30 20:47:06.822,44.400001525878906,885977088
2021-06-30 20:47:06.922,50.0,886005760
2021-06-30 20:47:07.022,45.0,886005760
2021-06-30 20:47:07.122,26.299999237060547,885907456
2021-06-30 20:47:07.222,26.799999237060547,885972992
2021-06-30 20:47:07.322,20.0,885907456
2021-06-30 20:47:07.422,16.200000762939453,885972992
2021-06-30 20:47:07.522,28.200000762939453,886005760
2021-06-30 20:47:07.622,35.099998474121094,885997568
2021-06-30 20:47:07.722,34.099998474121094,885997568
2021-06-30 20:47:07.822,41.0,886026240
2021-06-30 20:47:07.922,35.70000076293945,885981184
2021-06-30 20:47:08.022,21.100000381469727,885968896
2021-06-30 20:47:08.122,26.799999237060547,885997568
2021-06-30 20:47:08.222,43.20000076293945,886157312
2021-06-30 20:47:08.322,21.100000381469727,886059008
2021-06-30 20:47:08.422,23.700000762939453,886059008
2021-06-30 20:47:08.522,21.100000381469727,885993472
2021-06-30 20:47:08.622,26.799999237060547,885895168
2021-06-30 20:47:08.722,25.0,886124544
2021-06-30 20:47:08.822,47.599998474121094,886026240
2021-06-30 20:47:08.922,33.29999923706055,886124544
2021-06-30 20:47:09.022,18.399999618530273,886124544
2021-06-30 20:47:09.122,23.700000762939453,885862400
2021-06-30 20:47:09.222,27.5,885895168
2021-06-30 20:47:09.322,25.600000381469727,885862400
2021-06-30 20:47:09.422,38.5,885862400
2021-06-30 20:47:09.522,30.799999237060547,885927936
2021-06-30 20:47:09.622,14.300000190734863,886091776
2021-06-30 20:47:09.722,27.5,885927936
2021-06-30 20:47:09.822,18.399999618530273,886091776
2021-06-30 20:47:09.922,23.100000381469727,886087680
2021-06-30 20:47:10.022,23.100000381469727,886054912
2021-06-30 20:47:10.122,21.100000381469727,885956608
2021-06-30 20:47:10.222,25.600000381469727,886087680
2021-06-30 20:47:10.322,23.700000762939453,886054912
2021-06-30 20:47:10.422,29.299999237060547,885882880
2021-06-30 20:47:10.522,31.0,886046720
2021-06-30 20:47:10.622,16.700000762939453,886013952
2021-06-30 20:47:10.722,21.100000381469727,886079488
2021-06-30 20:47:10.822,25.600000381469727,885817344
2021-06-30 20:47:10.922,21.600000381469727,885936128
2021-06-30 20:47:11.022,31.799999237060547,886067200
2021-06-30 20:47:11.122,17.100000381469727,885870592
2021-06-30 20:47:11.222,23.700000762939453,885903360
2021-06-30 20:47:11.322,18.899999618530273,885870592
2021-06-30 20:47:11.422,47.5,886001664
2021-06-30 20:47:11.522,21.600000381469727,886001664
2021-06-30 20:47:11.622,25.0,885968896
2021-06-30 20:47:11.722,25.600000381469727,886099968
2021-06-30 20:47:11.822,23.700000762939453,886067200
2021-06-30 20:47:11.922,23.100000381469727,885997568
2021-06-30 20:47:12.022,43.599998474121094,885997568
2021-06-30 20:47:12.122,50.0,885964800
2021-06-30 20:47:12.222,51.29999923706055,885964800
2021-06-30 20:47:12.322,51.20000076293945,885997568
2021-06-30 20:47:12.422,33.29999923706055,885997568
2021-06-30 20:47:12.522,30.200000762939453,885997568
2021-06-30 20:47:12.622,27.5,886030336
2021-06-30 20:47:12.722,23.700000762939453,886030336
2021-06-30 20:47:12.822,19.399999618530273,886030336
2021-06-30 20:47:12.922,21.600000381469727,886161408
2021-06-30 20:47:13.022,26.799999237060547,886054912
2021-06-30 20:47:13.122,14.300000190734863,885923840
2021-06-30 20:47:13.222,43.599998474121094,886054912
2021-06-30 20:47:13.322,20.0,885858304
2021-06-30 20:47:13.422,25.600000381469727,885985280
2021-06-30 20:47:13.522,28.600000381469727,885985280
2021-06-30 20:47:13.622,18.899999618530273,885972992
2021-06-30 20:47:13.722,25.0,886104064
2021-06-30 20:47:13.822,19.399999618530273,886005760
2021-06-30 20:47:13.922,23.700000762939453,886022144
2021-06-30 20:47:14.022,34.29999923706055,886050816
2021-06-30 20:47:14.122,34.099998474121094,885919744
2021-06-30 20:47:14.222,27.5,885948416
2021-06-30 20:47:14.322,23.100000381469727,886013952
2021-06-30 20:47:14.422,16.700000762939453,885968896
2021-06-30 20:47:14.522,16.700000762939453,885968896
2021-06-30 20:47:14.622,43.20000076293945,886034432
2021-06-30 20:47:14.722,23.100000381469727,885739520
2021-06-30 20:47:14.822,28.600000381469727,885968896
2021-06-30 20:47:14.922,27.5,885866496
2021-06-30 20:47:15.022,21.100000381469727,885735424
2021-06-30 20:47:15.122,14.300000190734863,885899264
2021-06-30 20:47:15.222,27.5,885800960
2021-06-30 20:47:15.322,18.899999618530273,885866496
2021-06-30 20:47:15.422,25.600000381469727,885964800
2021-06-30 20:47:15.522,30.200000762939453,885997568
2021-06-30 20:47:15.622,23.700000762939453,885735424
2021-06-30 20:47:15.722,25.0,885735424
2021-06-30 20:47:15.822,46.20000076293945,885891072
2021-06-30 20:47:15.922,21.600000381469727,885891072
2021-06-30 20:47:16.022,31.0,885923840
2021-06-30 20:47:16.122,23.100000381469727,885956608
2021-06-30 20:47:16.222,26.799999237060547,886087680
2021-06-30 20:47:16.322,14.699999809265137,886153216
2021-06-30 20:47:16.422,42.5,885956608
2021-06-30 20:47:16.522,37.20000076293945,886022144
2021-06-30 20:47:16.622,28.600000381469727,885858304
2021-06-30 20:47:16.722,19.399999618530273,885858304
2021-06-30 20:47:16.822,28.600000381469727,885727232
2021-06-30 20:47:16.922,18.899999618530273,885846016
2021-06-30 20:47:17.022,51.20000076293945,885833728
2021-06-30 20:47:17.122,50.0,885833728
2021-06-30 20:47:17.222,51.20000076293945,885833728
2021-06-30 20:47:17.322,48.599998474121094,885833728
2021-06-30 20:47:17.422,37.20000076293945,885833728
2021-06-30 20:47:17.522,23.100000381469727,885833728
2021-06-30 20:47:17.622,17.100000381469727,885833728
2021-06-30 20:47:17.722,21.600000381469727,885833728
2021-06-30 20:47:17.822,42.5,885833728
2021-06-30 20:47:17.922,28.899999618530273,885964800
2021-06-30 20:47:18.022,32.599998474121094,885800960
2021-06-30 20:47:18.122,25.600000381469727,885800960
2021-06-30 20:47:18.222,25.600000381469727,885637120
2021-06-30 20:47:18.322,21.100000381469727,885768192
2021-06-30 20:47:18.422,24.299999237060547,885800960
2021-06-30 20:47:18.522,23.700000762939453,885964800
2021-06-30 20:47:18.622,23.100000381469727,885964800
2021-06-30 20:47:18.722,28.600000381469727,885800960
2021-06-30 20:47:18.822,30.200000762939453,885964800
2021-06-30 20:47:18.922,25.600000381469727,885817344
2021-06-30 20:47:19.022,26.799999237060547,885817344
2021-06-30 20:47:19.122,23.700000762939453,885817344
2021-06-30 20:47:19.222,26.799999237060547,885817344
2021-06-30 20:47:19.322,21.100000381469727,885817344
2021-06-30 20:47:19.422,24.299999237060547,885813248
2021-06-30 20:47:19.522,29.299999237060547,885846016
2021-06-30 20:47:19.622,29.299999237060547,885682176
2021-06-30 20:47:19.722,21.600000381469727,885682176
2021-06-30 20:47:19.822,28.600000381469727,885866496
2021-06-30 20:47:19.922,28.600000381469727,885960704
2021-06-30 20:47:20.022,40.5,885927936
2021-06-30 20:47:20.122,41.5,885862400
2021-06-30 20:47:20.222,37.099998474121094,885825536
2021-06-30 20:47:20.322,34.099998474121094,885792768
2021-06-30 20:47:20.422,34.29999923706055,885825536
2021-06-30 20:47:20.522,33.29999923706055,885825536
2021-06-30 20:47:20.622,35.099998474121094,885858304
2021-06-30 20:47:20.722,35.70000076293945,885760000
2021-06-30 20:47:20.822,41.70000076293945,885792768
2021-06-30 20:47:20.922,31.700000762939453,885952512
2021-06-30 20:47:21.022,46.20000076293945,885919744
2021-06-30 20:47:21.122,26.299999237060547,886050816
2021-06-30 20:47:21.222,41.5,885886976
2021-06-30 20:47:21.322,39.5,885886976
2021-06-30 20:47:21.422,42.5,885624832
2021-06-30 20:47:21.522,35.900001525878906,885690368
2021-06-30 20:47:21.622,29.700000762939453,885682176
2021-06-30 20:47:21.722,41.5,885878784
2021-06-30 20:47:21.822,42.099998474121094,886009856
2021-06-30 20:47:21.922,31.700000762939453,885813248
2021-06-30 20:47:22.022,31.600000381469727,885682176
2021-06-30 20:47:22.122,45.900001525878906,885682176
2021-06-30 20:47:22.222,50.0,885714944
2021-06-30 20:47:22.322,51.20000076293945,885714944
2021-06-30 20:47:22.422,48.599998474121094,885743616
2021-06-30 20:47:22.522,44.70000076293945,885776384
2021-06-30 20:47:22.622,40.0,885809152
2021-06-30 20:47:22.722,45.5,885776384
2021-06-30 20:47:22.822,39.5,885874688
2021-06-30 20:47:22.922,42.900001525878906,885805056
2021-06-30 20:47:23.022,37.5,885870592
2021-06-30 20:47:23.122,35.099998474121094,886034432
2021-06-30 20:47:23.222,30.600000381469727,885866496
2021-06-30 20:47:23.322,35.099998474121094,885932032
2021-06-30 20:47:23.422,38.5,885899264
2021-06-30 20:47:23.522,40.5,885997568
2021-06-30 20:47:23.622,27.5,885899264
2021-06-30 20:47:23.722,16.700000762939453,885899264
2021-06-30 20:47:23.822,33.29999923706055,885899264
2021-06-30 20:47:23.922,36.79999923706055,885764096
2021-06-30 20:47:24.022,29.299999237060547,885764096
2021-06-30 20:47:24.122,26.799999237060547,885698560
2021-06-30 20:47:24.222,27.5,885600256
2021-06-30 20:47:24.322,25.0,885600256
2021-06-30 20:47:24.422,26.299999237060547,885633024
2021-06-30 20:47:24.523,23.100000381469727,885665792
2021-06-30 20:47:24.622,27.799999237060547,885698560
2021-06-30 20:47:24.722,35.900001525878906,885698560
2021-06-30 20:47:24.822,28.200000762939453,885731328
2021-06-30 20:47:24.922,18.899999618530273,885755904
2021-06-30 20:47:25.022,29.299999237060547,885755904
2021-06-30 20:47:25.122,21.600000381469727,885755904
2021-06-30 20:47:25.222,28.600000381469727,885751808
2021-06-30 20:47:25.322,23.100000381469727,885751808
2021-06-30 20:47:25.422,29.299999237060547,885751808
2021-06-30 20:47:25.522,23.700000762939453,885751808
2021-06-30 20:47:25.622,21.600000381469727,885751808
2021-06-30 20:47:25.722,29.299999237060547,885751808
2021-06-30 20:47:25.822,25.600000381469727,885874688
2021-06-30 20:47:25.922,25.600000381469727,885874688
2021-06-30 20:47:26.022,31.700000762939453,885874688
2021-06-30 20:47:26.122,43.900001525878906,885776384
2021-06-30 20:47:26.222,29.299999237060547,885604352
2021-06-30 20:47:26.323,18.899999618530273,885833728
2021-06-30 20:47:26.422,29.299999237060547,885833728
2021-06-30 20:47:26.522,25.600000381469727,885735424
2021-06-30 20:47:26.622,27.5,885735424
2021-06-30 20:47:26.722,16.700000762939453,885768192
2021-06-30 20:47:26.822,38.099998474121094,885731328
2021-06-30 20:47:26.922,31.399999618530273,885596160
2021-06-30 20:47:27.022,29.299999237060547,885694464
2021-06-30 20:47:27.122,25.0,885760000
2021-06-30 20:47:27.222,28.200000762939453,885755904
2021-06-30 20:47:27.322,14.300000190734863,885821440
2021-06-30 20:47:27.422,44.20000076293945,885690368
2021-06-30 20:47:27.522,47.400001525878906,885854208
2021-06-30 20:47:27.622,53.5,885821440
2021-06-30 20:47:27.722,51.20000076293945,885854208
2021-06-30 20:47:27.822,48.70000076293945,885854208
2021-06-30 20:47:27.922,19.399999618530273,885772288
2021-06-30 20:47:28.022,26.799999237060547,885772288
2021-06-30 20:47:28.122,18.899999618530273,885805056
2021-06-30 20:47:28.222,12.100000381469727,885739520
2021-06-30 20:47:28.322,25.600000381469727,885739520
2021-06-30 20:47:28.422,34.099998474121094,885694464
2021-06-30 20:47:28.522,42.900001525878906,885760000
2021-06-30 20:47:28.622,39.5,885661696
2021-06-30 20:47:28.722,35.900001525878906,885694464
2021-06-30 20:47:28.822,39.5,885923840
2021-06-30 20:47:28.922,36.79999923706055,885690368
2021-06-30 20:47:29.022,32.5,885690368
2021-06-30 20:47:29.122,34.29999923706055,885592064
2021-06-30 20:47:29.222,32.5,885690368
2021-06-30 20:47:29.322,43.900001525878906,885624832
2021-06-30 20:47:29.422,31.600000381469727,885624832
2021-06-30 20:47:29.522,42.5,885784576
2021-06-30 20:47:29.622,21.100000381469727,885653504
2021-06-30 20:47:29.722,23.700000762939453,885653504
2021-06-30 20:47:29.822,30.0,885686272
2021-06-30 20:47:29.922,44.70000076293945,885817344
2021-06-30 20:47:30.022,30.799999237060547,885940224
2021-06-30 20:47:30.122,35.099998474121094,885903360
2021-06-30 20:47:30.222,33.29999923706055,885903360
2021-06-30 20:47:30.322,39.5,885805056
2021-06-30 20:47:30.422,30.0,885739520
2021-06-30 20:47:30.522,45.0,885706752
2021-06-30 20:47:30.622,25.0,885739520
2021-06-30 20:47:30.722,42.5,885641216
2021-06-30 20:47:30.822,27.5,885772288
2021-06-30 20:47:30.922,23.100000381469727,885673984
2021-06-30 20:47:31.022,27.5,885673984
2021-06-30 20:47:31.122,41.0,885673984
2021-06-30 20:47:31.222,26.799999237060547,885805056
2021-06-30 20:47:31.322,18.899999618530273,885673984
2021-06-30 20:47:31.422,33.29999923706055,885706752
2021-06-30 20:47:31.522,19.399999618530273,885772288
2021-06-30 20:47:31.622,22.5,885739520
2021-06-30 20:47:31.722,18.899999618530273,885706752
2021-06-30 20:47:31.822,23.100000381469727,885706752
2021-06-30 20:47:31.922,25.600000381469727,885805056
2021-06-30 20:47:32.022,25.0,885641216
2021-06-30 20:47:32.122,18.899999618530273,885706752
2021-06-30 20:47:32.222,22.5,885542912
2021-06-30 20:47:32.322,23.700000762939453,885542912
2021-06-30 20:47:32.422,26.299999237060547,885706752
2021-06-30 20:47:32.522,32.5,885592064
2021-06-30 20:47:32.622,57.5,885526528
2021-06-30 20:47:32.722,40.0,815521792
2021-06-30 20:47:32.822,43.599998474121094,816119808
2021-06-30 20:47:32.922,87.80000305175781,815984640
2021-06-30 20:47:33.022,92.30000305175781,815984640
2021-06-30 20:47:33.122,92.9000015258789,805826560
2021-06-30 20:47:33.222,61.0,805236736
2021-06-30 20:47:33.322,39.5,790331392
2021-06-30 20:47:33.422,16.200000762939453,775802880
2021-06-30 20:47:33.522,23.299999237060547,775704576
2021-06-30 20:47:33.622,35.0,775704576
2021-06-30 20:47:33.722,30.600000381469727,712675328
2021-06-30 20:47:33.822,21.100000381469727,711872512
2021-06-30 20:47:33.922,13.5,711794688
2021-06-30 20:47:34.022,15.399999618530273,711794688
2021-06-30 20:47:34.122,13.199999809265137,711794688
2021-06-30 20:47:34.222,23.100000381469727,711794688
2021-06-30 20:47:34.322,43.900001525878906,711761920
