frame_received_at,num_of_descriptors_extracted,extraction_time_ms,detection_ended_at,detection_time_ms,id_of_detected_object,detection_received_at,result_delay_ms
2021-06-25 19:54:20.319,377,36,2021-06-25 19:54:20.438,126,,2021-06-25 19:54:20.438,0.0
2021-06-25 19:54:20.451,373,32,2021-06-25 19:54:20.569,120,,2021-06-25 19:54:20.570,1.0
2021-06-25 19:54:20.583,382,30,2021-06-25 19:54:20.698,115,,2021-06-25 19:54:20.698,0.0
2021-06-25 19:54:20.711,376,30,2021-06-25 19:54:20.829,120,,2021-06-25 19:54:20.830,1.0
2021-06-25 19:54:20.843,382,29,2021-06-25 19:54:20.958,117,,2021-06-25 19:54:20.959,1.0
2021-06-25 19:54:20.972,382,31,2021-06-25 19:54:21.089,118,,2021-06-25 19:54:21.090,1.0
2021-06-25 19:54:21.104,384,34,2021-06-25 19:54:21.228,126,,2021-06-25 19:54:21.229,1.0
2021-06-25 19:54:21.243,374,30,2021-06-25 19:54:21.358,117,,2021-06-25 19:54:21.358,0.0
2021-06-25 19:54:21.373,376,29,2021-06-25 19:54:21.479,110,,2021-06-25 19:54:21.480,1.0
2021-06-25 19:54:21.492,380,31,2021-06-25 19:54:21.614,124,,2021-06-25 19:54:21.615,1.0
2021-06-25 19:54:21.628,377,32,2021-06-25 19:54:21.752,126,,2021-06-25 19:54:21.753,1.0
2021-06-25 19:54:21.769,384,30,2021-06-25 19:54:21.900,133,,2021-06-25 19:54:21.901,1.0
2021-06-25 19:54:21.913,378,30,2021-06-25 19:54:22.012,101,,2021-06-25 19:54:22.013,1.0
2021-06-25 19:54:22.025,373,29,2021-06-25 19:54:22.124,100,,2021-06-25 19:54:22.124,0.0
2021-06-25 19:54:22.136,373,29,2021-06-25 19:54:22.235,100,,2021-06-25 19:54:22.236,1.0
2021-06-25 19:54:22.248,372,29,2021-06-25 19:54:22.355,108,,2021-06-25 19:54:22.355,0.0
2021-06-25 19:54:22.368,407,29,2021-06-25 19:54:22.469,104,,2021-06-25 19:54:22.470,1.0
2021-06-25 19:54:22.483,455,31,2021-06-25 19:54:22.607,126,,2021-06-25 19:54:22.608,1.0
2021-06-25 19:54:22.621,478,33,2021-06-25 19:54:22.742,123,,2021-06-25 19:54:22.743,1.0
2021-06-25 19:54:22.757,488,32,2021-06-25 19:54:22.878,123,,2021-06-25 19:54:22.879,1.0
2021-06-25 19:54:22.890,500,34,2021-06-25 19:54:23.028,140,,2021-06-25 19:54:23.029,1.0
2021-06-25 19:54:23.043,500,38,2021-06-25 19:54:23.197,157,,2021-06-25 19:54:23.198,1.0
2021-06-25 19:54:23.210,500,41,2021-06-25 19:54:23.382,174,,2021-06-25 19:54:23.383,1.0
2021-06-25 19:54:23.397,500,40,2021-06-25 19:54:23.536,142,,2021-06-25 19:54:23.536,0.0
2021-06-25 19:54:23.549,500,39,2021-06-25 19:54:23.679,132,,2021-06-25 19:54:23.680,1.0
2021-06-25 19:54:23.692,500,40,2021-06-25 19:54:23.856,165,,2021-06-25 19:54:23.857,1.0
2021-06-25 19:54:23.875,500,40,2021-06-25 19:54:24.005,135,,2021-06-25 19:54:24.005,0.0
2021-06-25 19:54:24.019,500,36,2021-06-25 19:54:24.144,127,,2021-06-25 19:54:24.145,1.0
2021-06-25 19:54:24.157,500,37,2021-06-25 19:54:24.289,134,,2021-06-25 19:54:24.290,1.0
2021-06-25 19:54:24.302,500,36,2021-06-25 19:54:24.466,165,,2021-06-25 19:54:24.467,1.0
2021-06-25 19:54:24.483,500,37,2021-06-25 19:54:24.620,141,,2021-06-25 19:54:24.621,1.0
2021-06-25 19:54:24.634,500,36,2021-06-25 19:54:24.759,127,,2021-06-25 19:54:24.760,1.0
2021-06-25 19:54:24.772,500,35,2021-06-25 19:54:24.904,133,,2021-06-25 19:54:24.904,0.0
2021-06-25 19:54:24.918,500,36,2021-06-25 19:54:25.047,132,,2021-06-25 19:54:25.048,1.0
2021-06-25 19:54:25.060,500,37,2021-06-25 19:54:25.205,146,,2021-06-25 19:54:25.206,1.0
2021-06-25 19:54:25.220,500,35,2021-06-25 19:54:25.347,129,,2021-06-25 19:54:25.348,1.0
2021-06-25 19:54:25.361,500,37,2021-06-25 19:54:25.510,151,,2021-06-25 19:54:25.511,1.0
2021-06-25 19:54:25.524,500,35,2021-06-25 19:54:25.661,139,,2021-06-25 19:54:25.662,1.0
2021-06-25 19:54:25.675,500,37,2021-06-25 19:54:25.804,131,,2021-06-25 19:54:25.805,1.0
2021-06-25 19:54:25.818,500,39,2021-06-25 19:54:25.950,134,,2021-06-25 19:54:25.951,1.0
2021-06-25 19:54:25.966,500,37,2021-06-25 19:54:26.095,132,,2021-06-25 19:54:26.096,1.0
2021-06-25 19:54:26.110,500,39,2021-06-25 19:54:26.242,135,,2021-06-25 19:54:26.243,1.0
2021-06-25 19:54:26.256,500,39,2021-06-25 19:54:26.393,139,,2021-06-25 19:54:26.394,1.0
2021-06-25 19:54:26.409,500,37,2021-06-25 19:54:26.556,150,,2021-06-25 19:54:26.557,1.0
2021-06-25 19:54:26.571,500,38,2021-06-25 19:54:26.707,139,,2021-06-25 19:54:26.708,1.0
2021-06-25 19:54:26.721,500,39,2021-06-25 19:54:26.853,134,,2021-06-25 19:54:26.854,1.0
2021-06-25 19:54:26.870,500,36,2021-06-25 19:54:26.997,129,,2021-06-25 19:54:26.997,0.0
2021-06-25 19:54:27.010,500,40,2021-06-25 19:54:27.141,133,,2021-06-25 19:54:27.142,1.0
2021-06-25 19:54:27.154,500,38,2021-06-25 19:54:27.290,137,,2021-06-25 19:54:27.291,1.0
2021-06-25 19:54:27.303,500,41,2021-06-25 19:54:27.433,132,,2021-06-25 19:54:27.434,1.0
2021-06-25 19:54:27.446,500,37,2021-06-25 19:54:27.575,130,,2021-06-25 19:54:27.576,1.0
2021-06-25 19:54:27.588,500,37,2021-06-25 19:54:27.715,129,,2021-06-25 19:54:27.716,1.0
2021-06-25 19:54:27.727,500,36,2021-06-25 19:54:27.902,176,,2021-06-25 19:54:27.902,0.0
2021-06-25 19:54:27.916,500,35,2021-06-25 19:54:28.040,127,13.0,2021-06-25 19:54:28.041,1.0
2021-06-25 19:54:28.053,492,35,2021-06-25 19:54:28.181,130,,2021-06-25 19:54:28.183,2.0
2021-06-25 19:54:28.194,496,35,2021-06-25 19:54:28.321,129,,2021-06-25 19:54:28.322,1.0
2021-06-25 19:54:28.334,493,35,2021-06-25 19:54:28.460,128,13.0,2021-06-25 19:54:28.461,1.0
2021-06-25 19:54:28.475,500,35,2021-06-25 19:54:28.601,128,,2021-06-25 19:54:28.602,1.0
2021-06-25 19:54:28.616,499,35,2021-06-25 19:54:28.746,132,13.0,2021-06-25 19:54:28.747,1.0
2021-06-25 19:54:28.760,500,36,2021-06-25 19:54:28.910,152,13.0,2021-06-25 19:54:28.911,1.0
2021-06-25 19:54:28.923,500,35,2021-06-25 19:54:29.058,136,13.0,2021-06-25 19:54:29.059,1.0
2021-06-25 19:54:29.071,500,36,2021-06-25 19:54:29.201,131,13.0,2021-06-25 19:54:29.201,0.0
2021-06-25 19:54:29.214,500,36,2021-06-25 19:54:29.345,133,13.0,2021-06-25 19:54:29.346,1.0
2021-06-25 19:54:29.358,500,37,2021-06-25 19:54:29.497,140,13.0,2021-06-25 19:54:29.498,1.0
2021-06-25 19:54:29.512,500,37,2021-06-25 19:54:29.639,131,13.0,2021-06-25 19:54:29.639,0.0
2021-06-25 19:54:29.652,500,36,2021-06-25 19:54:29.790,140,13.0,2021-06-25 19:54:29.791,1.0
2021-06-25 19:54:29.803,500,37,2021-06-25 19:54:29.928,127,13.0,2021-06-25 19:54:29.929,1.0
2021-06-25 19:54:29.942,500,37,2021-06-25 19:54:30.100,160,13.0,2021-06-25 19:54:30.101,1.0
2021-06-25 19:54:30.116,500,39,2021-06-25 19:54:30.260,147,13.0,2021-06-25 19:54:30.262,2.0
2021-06-25 19:54:30.276,500,38,2021-06-25 19:54:30.412,137,13.0,2021-06-25 19:54:30.413,1.0
2021-06-25 19:54:30.426,500,36,2021-06-25 19:54:30.550,126,13.0,2021-06-25 19:54:30.550,0.0
2021-06-25 19:54:30.562,500,37,2021-06-25 19:54:30.691,131,13.0,2021-06-25 19:54:30.691,0.0
2021-06-25 19:54:30.704,500,39,2021-06-25 19:54:30.839,137,13.0,2021-06-25 19:54:30.840,1.0
2021-06-25 19:54:30.853,500,36,2021-06-25 19:54:30.982,130,13.0,2021-06-25 19:54:30.983,1.0
2021-06-25 19:54:30.994,500,38,2021-06-25 19:54:31.122,129,13.0,2021-06-25 19:54:31.123,1.0
2021-06-25 19:54:31.136,500,36,2021-06-25 19:54:31.263,129,13.0,2021-06-25 19:54:31.263,0.0
2021-06-25 19:54:31.275,500,39,2021-06-25 19:54:31.420,146,13.0,2021-06-25 19:54:31.420,0.0
2021-06-25 19:54:31.432,500,37,2021-06-25 19:54:31.564,133,13.0,2021-06-25 19:54:31.565,1.0
2021-06-25 19:54:31.577,500,38,2021-06-25 19:54:31.705,130,13.0,2021-06-25 19:54:31.706,1.0
2021-06-25 19:54:31.719,500,38,2021-06-25 19:54:31.853,135,13.0,2021-06-25 19:54:31.854,1.0
2021-06-25 19:54:31.868,500,36,2021-06-25 19:54:31.992,126,13.0,2021-06-25 19:54:31.993,1.0
2021-06-25 19:54:32.005,500,37,2021-06-25 19:54:32.134,131,13.0,2021-06-25 19:54:32.135,1.0
2021-06-25 19:54:32.148,500,37,2021-06-25 19:54:32.281,135,13.0,2021-06-25 19:54:32.282,1.0
2021-06-25 19:54:32.294,500,39,2021-06-25 19:54:32.425,133,13.0,2021-06-25 19:54:32.425,0.0
2021-06-25 19:54:32.438,500,37,2021-06-25 19:54:32.577,141,13.0,2021-06-25 19:54:32.578,1.0
2021-06-25 19:54:32.590,500,36,2021-06-25 19:54:32.720,130,13.0,2021-06-25 19:54:32.720,0.0
2021-06-25 19:54:32.732,500,37,2021-06-25 19:54:32.858,128,13.0,2021-06-25 19:54:32.859,1.0
2021-06-25 19:54:32.871,500,37,2021-06-25 19:54:33.001,132,13.0,2021-06-25 19:54:33.002,1.0
2021-06-25 19:54:33.015,500,37,2021-06-25 19:54:33.144,131,13.0,2021-06-25 19:54:33.144,0.0
2021-06-25 19:54:33.157,500,41,2021-06-25 19:54:33.293,138,13.0,2021-06-25 19:54:33.294,1.0
2021-06-25 19:54:33.306,500,38,2021-06-25 19:54:33.436,131,13.0,2021-06-25 19:54:33.437,1.0
2021-06-25 19:54:33.449,500,37,2021-06-25 19:54:33.575,128,13.0,2021-06-25 19:54:33.575,0.0
2021-06-25 19:54:33.587,500,38,2021-06-25 19:54:33.719,133,13.0,2021-06-25 19:54:33.719,0.0
2021-06-25 19:54:33.733,500,35,2021-06-25 19:54:33.869,139,13.0,2021-06-25 19:54:33.870,1.0
2021-06-25 19:54:33.881,500,34,2021-06-25 19:54:34.020,140,,2021-06-25 19:54:34.021,1.0
2021-06-25 19:54:34.034,500,32,2021-06-25 19:54:34.153,121,,2021-06-25 19:54:34.153,0.0
2021-06-25 19:54:34.166,500,32,2021-06-25 19:54:34.320,156,,2021-06-25 19:54:34.320,0.0
2021-06-25 19:54:34.333,499,33,2021-06-25 19:54:34.455,124,,2021-06-25 19:54:34.456,1.0
2021-06-25 19:54:34.469,500,33,2021-06-25 19:54:34.593,126,,2021-06-25 19:54:34.594,1.0
2021-06-25 19:54:34.614,500,35,2021-06-25 19:54:34.744,139,,2021-06-25 19:54:34.745,1.0
2021-06-25 19:54:34.757,500,35,2021-06-25 19:54:34.880,125,,2021-06-25 19:54:34.881,1.0
2021-06-25 19:54:34.893,500,37,2021-06-25 19:54:35.045,154,,2021-06-25 19:54:35.046,1.0
2021-06-25 19:54:35.058,500,36,2021-06-25 19:54:35.185,128,,2021-06-25 19:54:35.185,0.0
2021-06-25 19:54:35.199,500,35,2021-06-25 19:54:35.324,127,,2021-06-25 19:54:35.324,0.0
2021-06-25 19:54:35.336,500,36,2021-06-25 19:54:35.481,147,,2021-06-25 19:54:35.482,1.0
2021-06-25 19:54:35.496,484,35,2021-06-25 19:54:35.618,124,,2021-06-25 19:54:35.619,1.0
2021-06-25 19:54:35.631,493,38,2021-06-25 19:54:35.753,123,,2021-06-25 19:54:35.754,1.0
2021-06-25 19:54:35.767,500,38,2021-06-25 19:54:35.903,138,,2021-06-25 19:54:35.904,1.0
2021-06-25 19:54:35.919,500,37,2021-06-25 19:54:36.051,134,,2021-06-25 19:54:36.051,0.0
2021-06-25 19:54:36.065,500,36,2021-06-25 19:54:36.196,133,,2021-06-25 19:54:36.197,1.0
2021-06-25 19:54:36.210,500,39,2021-06-25 19:54:36.338,130,,2021-06-25 19:54:36.339,1.0
2021-06-25 19:54:36.351,500,39,2021-06-25 19:54:36.492,142,,2021-06-25 19:54:36.493,1.0
2021-06-25 19:54:36.505,500,39,2021-06-25 19:54:36.635,132,,2021-06-25 19:54:36.636,1.0
2021-06-25 19:54:36.649,500,35,2021-06-25 19:54:36.773,126,,2021-06-25 19:54:36.774,1.0
2021-06-25 19:54:36.786,500,36,2021-06-25 19:54:36.909,125,,2021-06-25 19:54:36.910,1.0
2021-06-25 19:54:36.923,500,36,2021-06-25 19:54:37.053,132,,2021-06-25 19:54:37.054,1.0
2021-06-25 19:54:37.069,500,36,2021-06-25 19:54:37.200,133,,2021-06-25 19:54:37.201,1.0
2021-06-25 19:54:37.213,500,38,2021-06-25 19:54:37.339,127,,2021-06-25 19:54:37.340,1.0
2021-06-25 19:54:37.352,500,37,2021-06-25 19:54:37.492,142,,2021-06-25 19:54:37.492,0.0
2021-06-25 19:54:37.505,500,38,2021-06-25 19:54:37.635,132,,2021-06-25 19:54:37.636,1.0
2021-06-25 19:54:37.649,500,37,2021-06-25 19:54:37.784,136,,2021-06-25 19:54:37.785,1.0
2021-06-25 19:54:37.797,500,37,2021-06-25 19:54:37.923,128,,2021-06-25 19:54:37.924,1.0
2021-06-25 19:54:37.937,500,36,2021-06-25 19:54:38.075,140,,2021-06-25 19:54:38.076,1.0
2021-06-25 19:54:38.087,500,38,2021-06-25 19:54:38.222,136,,2021-06-25 19:54:38.222,0.0
2021-06-25 19:54:38.234,500,36,2021-06-25 19:54:38.357,124,,2021-06-25 19:54:38.359,2.0
2021-06-25 19:54:38.371,500,38,2021-06-25 19:54:38.499,130,,2021-06-25 19:54:38.500,1.0
2021-06-25 19:54:38.517,500,40,2021-06-25 19:54:38.654,140,,2021-06-25 19:54:38.655,1.0
2021-06-25 19:54:38.669,500,36,2021-06-25 19:54:38.796,129,,2021-06-25 19:54:38.797,1.0
2021-06-25 19:54:38.809,500,37,2021-06-25 19:54:38.942,135,,2021-06-25 19:54:38.943,1.0
2021-06-25 19:54:38.958,500,39,2021-06-25 19:54:39.091,135,,2021-06-25 19:54:39.092,1.0
2021-06-25 19:54:39.104,500,37,2021-06-25 19:54:39.235,132,,2021-06-25 19:54:39.236,1.0
2021-06-25 19:54:39.248,500,37,2021-06-25 19:54:39.371,125,,2021-06-25 19:54:39.372,1.0
2021-06-25 19:54:39.386,500,36,2021-06-25 19:54:39.510,125,,2021-06-25 19:54:39.511,1.0
2021-06-25 19:54:39.522,500,35,2021-06-25 19:54:39.657,136,,2021-06-25 19:54:39.658,1.0
2021-06-25 19:54:39.673,500,38,2021-06-25 19:54:39.810,139,,2021-06-25 19:54:39.811,1.0
2021-06-25 19:54:39.823,500,35,2021-06-25 19:54:39.945,123,,2021-06-25 19:54:39.946,1.0
2021-06-25 19:54:39.959,500,35,2021-06-25 19:54:40.091,135,,2021-06-25 19:54:40.092,1.0
2021-06-25 19:54:40.105,500,34,2021-06-25 19:54:40.234,131,,2021-06-25 19:54:40.234,0.0
2021-06-25 19:54:40.247,500,35,2021-06-25 19:54:40.378,133,,2021-06-25 19:54:40.379,1.0
2021-06-25 19:54:40.391,500,38,2021-06-25 19:54:40.517,128,,2021-06-25 19:54:40.517,0.0
2021-06-25 19:54:40.531,500,36,2021-06-25 19:54:40.656,127,,2021-06-25 19:54:40.657,1.0
2021-06-25 19:54:40.670,500,35,2021-06-25 19:54:40.795,127,,2021-06-25 19:54:40.796,1.0
2021-06-25 19:54:40.810,500,39,2021-06-25 19:54:40.940,132,,2021-06-25 19:54:40.941,1.0
2021-06-25 19:54:40.953,500,36,2021-06-25 19:54:41.089,138,,2021-06-25 19:54:41.089,0.0
2021-06-25 19:54:41.101,500,36,2021-06-25 19:54:41.235,135,,2021-06-25 19:54:41.236,1.0
2021-06-25 19:54:41.248,500,35,2021-06-25 19:54:41.380,134,,2021-06-25 19:54:41.381,1.0
2021-06-25 19:54:41.393,500,35,2021-06-25 19:54:41.521,130,,2021-06-25 19:54:41.521,0.0
2021-06-25 19:54:41.534,500,35,2021-06-25 19:54:41.659,127,,2021-06-25 19:54:41.660,1.0
2021-06-25 19:54:41.674,500,37,2021-06-25 19:54:41.799,126,,2021-06-25 19:54:41.800,1.0
2021-06-25 19:54:41.813,500,39,2021-06-25 19:54:41.942,131,,2021-06-25 19:54:41.943,1.0
2021-06-25 19:54:41.955,500,37,2021-06-25 19:54:42.091,137,,2021-06-25 19:54:42.091,0.0
2021-06-25 19:54:42.104,500,37,2021-06-25 19:54:42.244,142,,2021-06-25 19:54:42.245,1.0
2021-06-25 19:54:42.260,496,35,2021-06-25 19:54:42.397,139,,2021-06-25 19:54:42.398,1.0
2021-06-25 19:54:42.412,490,36,2021-06-25 19:54:42.535,125,,2021-06-25 19:54:42.536,1.0
2021-06-25 19:54:42.548,500,34,2021-06-25 19:54:42.681,134,,2021-06-25 19:54:42.682,1.0
2021-06-25 19:54:42.695,500,34,2021-06-25 19:54:42.834,141,,2021-06-25 19:54:42.835,1.0
2021-06-25 19:54:42.847,500,34,2021-06-25 19:54:42.970,124,,2021-06-25 19:54:42.970,0.0
2021-06-25 19:54:42.982,500,35,2021-06-25 19:54:43.113,132,,2021-06-25 19:54:43.113,0.0
2021-06-25 19:54:43.126,500,34,2021-06-25 19:54:43.251,128,,2021-06-25 19:54:43.252,1.0
2021-06-25 19:54:43.264,500,33,2021-06-25 19:54:43.392,129,,2021-06-25 19:54:43.392,0.0
2021-06-25 19:54:43.407,500,35,2021-06-25 19:54:43.534,129,,2021-06-25 19:54:43.535,1.0
2021-06-25 19:54:43.548,500,38,2021-06-25 19:54:43.675,129,,2021-06-25 19:54:43.676,1.0
2021-06-25 19:54:43.689,500,35,2021-06-25 19:54:43.812,126,,2021-06-25 19:54:43.813,1.0
2021-06-25 19:54:43.825,500,37,2021-06-25 19:54:43.950,126,,2021-06-25 19:54:43.951,1.0
2021-06-25 19:54:43.964,500,36,2021-06-25 19:54:44.101,139,,2021-06-25 19:54:44.102,1.0
2021-06-25 19:54:44.115,500,33,2021-06-25 19:54:44.244,131,,2021-06-25 19:54:44.247,3.0
2021-06-25 19:54:44.258,500,34,2021-06-25 19:54:44.379,124,,2021-06-25 19:54:44.380,1.0
2021-06-25 19:54:44.393,500,35,2021-06-25 19:54:44.522,131,,2021-06-25 19:54:44.523,1.0
2021-06-25 19:54:44.536,500,37,2021-06-25 19:54:44.667,133,,2021-06-25 19:54:44.667,0.0
2021-06-25 19:54:44.680,499,35,2021-06-25 19:54:44.802,124,,2021-06-25 19:54:44.803,1.0
2021-06-25 19:54:44.815,500,34,2021-06-25 19:54:44.938,124,,2021-06-25 19:54:44.939,1.0
2021-06-25 19:54:44.951,500,34,2021-06-25 19:54:45.077,128,,2021-06-25 19:54:45.078,1.0
2021-06-25 19:54:45.089,500,35,2021-06-25 19:54:45.215,127,,2021-06-25 19:54:45.215,0.0
2021-06-25 19:54:45.229,500,34,2021-06-25 19:54:45.355,128,,2021-06-25 19:54:45.356,1.0
2021-06-25 19:54:45.369,500,36,2021-06-25 19:54:45.495,128,,2021-06-25 19:54:45.496,1.0
2021-06-25 19:54:45.510,498,35,2021-06-25 19:54:45.640,132,,2021-06-25 19:54:45.641,1.0
2021-06-25 19:54:45.653,499,37,2021-06-25 19:54:45.780,128,,2021-06-25 19:54:45.780,0.0
2021-06-25 19:54:45.792,497,38,2021-06-25 19:54:45.936,145,,2021-06-25 19:54:45.936,0.0
2021-06-25 19:54:45.949,500,34,2021-06-25 19:54:46.076,129,,2021-06-25 19:54:46.077,1.0
2021-06-25 19:54:46.089,500,37,2021-06-25 19:54:46.216,129,,2021-06-25 19:54:46.217,1.0
2021-06-25 19:54:46.230,500,35,2021-06-25 19:54:46.351,123,,2021-06-25 19:54:46.352,1.0
2021-06-25 19:54:46.365,500,35,2021-06-25 19:54:46.495,132,,2021-06-25 19:54:46.495,0.0
2021-06-25 19:54:46.510,500,34,2021-06-25 19:54:46.635,127,,2021-06-25 19:54:46.636,1.0
2021-06-25 19:54:46.648,500,34,2021-06-25 19:54:46.774,128,,2021-06-25 19:54:46.775,1.0
2021-06-25 19:54:46.787,500,35,2021-06-25 19:54:46.922,136,,2021-06-25 19:54:46.923,1.0
2021-06-25 19:54:46.935,500,35,2021-06-25 19:54:47.068,134,,2021-06-25 19:54:47.069,1.0
2021-06-25 19:54:47.080,500,35,2021-06-25 19:54:47.202,123,,2021-06-25 19:54:47.203,1.0
2021-06-25 19:54:47.215,500,34,2021-06-25 19:54:47.339,125,,2021-06-25 19:54:47.339,0.0
2021-06-25 19:54:47.352,500,35,2021-06-25 19:54:47.479,129,,2021-06-25 19:54:47.480,1.0
2021-06-25 19:54:47.492,500,35,2021-06-25 19:54:47.619,128,,2021-06-25 19:54:47.620,1.0
2021-06-25 19:54:47.633,500,35,2021-06-25 19:54:47.767,136,,2021-06-25 19:54:47.767,0.0
2021-06-25 19:54:47.780,500,37,2021-06-25 19:54:47.910,132,,2021-06-25 19:54:47.911,1.0
2021-06-25 19:54:47.924,500,35,2021-06-25 19:54:48.052,131,,2021-06-25 19:54:48.053,1.0
2021-06-25 19:54:48.065,500,35,2021-06-25 19:54:48.189,125,,2021-06-25 19:54:48.190,1.0
2021-06-25 19:54:48.203,500,37,2021-06-25 19:54:48.337,136,,2021-06-25 19:54:48.338,1.0
2021-06-25 19:54:48.350,500,39,2021-06-25 19:54:48.483,135,31.0,2021-06-25 19:54:48.484,1.0
2021-06-25 19:54:48.496,500,35,2021-06-25 19:54:48.627,133,31.0,2021-06-25 19:54:48.627,0.0
2021-06-25 19:54:48.639,500,40,2021-06-25 19:54:48.778,141,31.0,2021-06-25 19:54:48.778,0.0
2021-06-25 19:54:48.792,500,36,2021-06-25 19:54:48.919,130,31.0,2021-06-25 19:54:48.920,1.0
2021-06-25 19:54:48.932,500,36,2021-06-25 19:54:49.061,131,31.0,2021-06-25 19:54:49.062,1.0
2021-06-25 19:54:49.073,500,39,2021-06-25 19:54:49.200,128,31.0,2021-06-25 19:54:49.201,1.0
2021-06-25 19:54:49.214,500,38,2021-06-25 19:54:49.343,131,31.0,2021-06-25 19:54:49.344,1.0
2021-06-25 19:54:49.358,500,37,2021-06-25 19:54:49.485,129,31.0,2021-06-25 19:54:49.486,1.0
2021-06-25 19:54:49.497,500,36,2021-06-25 19:54:49.634,138,31.0,2021-06-25 19:54:49.634,0.0
2021-06-25 19:54:49.646,500,41,2021-06-25 19:54:49.784,139,31.0,2021-06-25 19:54:49.784,0.0
2021-06-25 19:54:49.796,500,37,2021-06-25 19:54:49.926,131,31.0,2021-06-25 19:54:49.927,1.0
2021-06-25 19:54:49.940,500,37,2021-06-25 19:54:50.075,136,31.0,2021-06-25 19:54:50.076,1.0
2021-06-25 19:54:50.088,500,37,2021-06-25 19:54:50.216,130,31.0,2021-06-25 19:54:50.217,1.0
2021-06-25 19:54:50.230,500,37,2021-06-25 19:54:50.362,133,31.0,2021-06-25 19:54:50.363,1.0
2021-06-25 19:54:50.376,500,37,2021-06-25 19:54:50.500,126,31.0,2021-06-25 19:54:50.501,1.0
2021-06-25 19:54:50.515,500,38,2021-06-25 19:54:50.659,146,31.0,2021-06-25 19:54:50.660,1.0
2021-06-25 19:54:50.675,500,37,2021-06-25 19:54:50.803,131,31.0,2021-06-25 19:54:50.805,2.0
2021-06-25 19:54:50.817,500,41,2021-06-25 19:54:50.945,130,31.0,2021-06-25 19:54:50.946,1.0
2021-06-25 19:54:50.961,500,38,2021-06-25 19:54:51.092,134,31.0,2021-06-25 19:54:51.093,1.0
2021-06-25 19:54:51.105,500,38,2021-06-25 19:54:51.238,135,31.0,2021-06-25 19:54:51.239,1.0
2021-06-25 19:54:51.252,500,39,2021-06-25 19:54:51.383,133,31.0,2021-06-25 19:54:51.384,1.0
2021-06-25 19:54:51.399,500,39,2021-06-25 19:54:51.529,132,31.0,2021-06-25 19:54:51.530,1.0
2021-06-25 19:54:51.542,500,40,2021-06-25 19:54:51.685,144,31.0,2021-06-25 19:54:51.685,0.0
2021-06-25 19:54:51.698,500,40,2021-06-25 19:54:51.830,133,31.0,2021-06-25 19:54:51.830,0.0
2021-06-25 19:54:51.842,500,42,2021-06-25 19:54:51.979,138,31.0,2021-06-25 19:54:51.980,1.0
2021-06-25 19:54:51.993,500,40,2021-06-25 19:54:52.128,137,31.0,2021-06-25 19:54:52.129,1.0
2021-06-25 19:54:52.141,500,39,2021-06-25 19:54:52.270,131,31.0,2021-06-25 19:54:52.271,1.0
2021-06-25 19:54:52.283,500,39,2021-06-25 19:54:52.415,134,31.0,2021-06-25 19:54:52.416,1.0
2021-06-25 19:54:52.428,500,40,2021-06-25 19:54:52.565,139,31.0,2021-06-25 19:54:52.566,1.0
2021-06-25 19:54:52.577,500,39,2021-06-25 19:54:52.709,133,31.0,2021-06-25 19:54:52.710,1.0
2021-06-25 19:54:52.723,500,43,2021-06-25 19:54:52.856,135,31.0,2021-06-25 19:54:52.858,2.0
2021-06-25 19:54:52.870,500,40,2021-06-25 19:54:53.008,140,31.0,2021-06-25 19:54:53.009,1.0
2021-06-25 19:54:53.023,500,41,2021-06-25 19:54:53.161,141,31.0,2021-06-25 19:54:53.163,2.0
2021-06-25 19:54:53.173,500,40,2021-06-25 19:54:53.316,144,31.0,2021-06-25 19:54:53.317,1.0
2021-06-25 19:54:53.328,500,39,2021-06-25 19:54:53.461,134,31.0,2021-06-25 19:54:53.461,0.0
2021-06-25 19:54:53.473,500,43,2021-06-25 19:54:53.609,137,31.0,2021-06-25 19:54:53.609,0.0
2021-06-25 19:54:53.621,500,42,2021-06-25 19:54:53.768,149,31.0,2021-06-25 19:54:53.769,1.0
2021-06-25 19:54:53.782,500,39,2021-06-25 19:54:53.913,132,31.0,2021-06-25 19:54:53.913,0.0
2021-06-25 19:54:53.925,500,39,2021-06-25 19:54:54.055,132,31.0,2021-06-25 19:54:54.056,1.0
2021-06-25 19:54:54.068,500,40,2021-06-25 19:54:54.201,134,31.0,2021-06-25 19:54:54.202,1.0
2021-06-25 19:54:54.215,500,40,2021-06-25 19:54:54.344,130,31.0,2021-06-25 19:54:54.345,1.0
2021-06-25 19:54:54.359,500,38,2021-06-25 19:54:54.499,142,31.0,2021-06-25 19:54:54.500,1.0
2021-06-25 19:54:54.513,500,38,2021-06-25 19:54:54.640,129,31.0,2021-06-25 19:54:54.641,1.0
2021-06-25 19:54:54.654,500,40,2021-06-25 19:54:54.796,144,31.0,2021-06-25 19:54:54.797,1.0
2021-06-25 19:54:54.811,500,39,2021-06-25 19:54:54.944,134,31.0,2021-06-25 19:54:54.945,1.0
2021-06-25 19:54:54.959,500,36,2021-06-25 19:54:55.086,129,31.0,2021-06-25 19:54:55.086,0.0
2021-06-25 19:54:55.100,500,38,2021-06-25 19:54:55.230,132,31.0,2021-06-25 19:54:55.231,1.0
2021-06-25 19:54:55.243,500,37,2021-06-25 19:54:55.373,131,31.0,2021-06-25 19:54:55.374,1.0
2021-06-25 19:54:55.388,500,37,2021-06-25 19:54:55.516,130,31.0,2021-06-25 19:54:55.517,1.0
2021-06-25 19:54:55.529,500,38,2021-06-25 19:54:55.660,133,31.0,2021-06-25 19:54:55.661,1.0
2021-06-25 19:54:55.673,500,38,2021-06-25 19:54:55.798,126,31.0,2021-06-25 19:54:55.799,1.0
2021-06-25 19:54:55.813,500,40,2021-06-25 19:54:55.943,133,31.0,2021-06-25 19:54:55.944,1.0
2021-06-25 19:54:55.957,500,37,2021-06-25 19:54:56.085,130,31.0,2021-06-25 19:54:56.085,0.0
2021-06-25 19:54:56.098,500,40,2021-06-25 19:54:56.241,145,31.0,2021-06-25 19:54:56.242,1.0
2021-06-25 19:54:56.257,500,36,2021-06-25 19:54:56.382,127,31.0,2021-06-25 19:54:56.382,0.0
2021-06-25 19:54:56.394,500,38,2021-06-25 19:54:56.530,137,,2021-06-25 19:54:56.531,1.0
2021-06-25 19:54:56.544,500,38,2021-06-25 19:54:56.674,132,31.0,2021-06-25 19:54:56.675,1.0
2021-06-25 19:54:56.688,500,40,2021-06-25 19:54:56.817,131,,2021-06-25 19:54:56.819,2.0
2021-06-25 19:54:56.830,500,37,2021-06-25 19:54:56.954,125,,2021-06-25 19:54:56.955,1.0
2021-06-25 19:54:56.967,500,36,2021-06-25 19:54:57.093,128,,2021-06-25 19:54:57.093,0.0
2021-06-25 19:54:57.107,500,35,2021-06-25 19:54:57.231,126,,2021-06-25 19:54:57.232,1.0
2021-06-25 19:54:57.244,500,36,2021-06-25 19:54:57.372,130,,2021-06-25 19:54:57.373,1.0
2021-06-25 19:54:57.385,500,36,2021-06-25 19:54:57.515,131,,2021-06-25 19:54:57.516,1.0
2021-06-25 19:54:57.528,497,38,2021-06-25 19:54:57.654,127,,2021-06-25 19:54:57.656,2.0
2021-06-25 19:54:57.668,492,36,2021-06-25 19:54:57.792,126,,2021-06-25 19:54:57.793,1.0
2021-06-25 19:54:57.806,487,36,2021-06-25 19:54:57.936,131,,2021-06-25 19:54:57.936,0.0
2021-06-25 19:54:57.950,488,38,2021-06-25 19:54:58.077,130,,2021-06-25 19:54:58.078,1.0
2021-06-25 19:54:58.090,493,36,2021-06-25 19:54:58.217,129,,2021-06-25 19:54:58.218,1.0
2021-06-25 19:54:58.231,489,35,2021-06-25 19:54:58.357,128,,2021-06-25 19:54:58.358,1.0
2021-06-25 19:54:58.369,491,35,2021-06-25 19:54:58.503,135,,2021-06-25 19:54:58.503,0.0
2021-06-25 19:54:58.516,491,36,2021-06-25 19:54:58.642,128,,2021-06-25 19:54:58.643,1.0
2021-06-25 19:54:58.656,492,36,2021-06-25 19:54:58.784,129,,2021-06-25 19:54:58.785,1.0
2021-06-25 19:54:58.799,500,37,2021-06-25 19:54:58.929,133,,2021-06-25 19:54:58.930,1.0
2021-06-25 19:54:58.942,500,35,2021-06-25 19:54:59.073,133,,2021-06-25 19:54:59.074,1.0
2021-06-25 19:54:59.085,500,36,2021-06-25 19:54:59.215,131,,2021-06-25 19:54:59.216,1.0
2021-06-25 19:54:59.227,500,34,2021-06-25 19:54:59.360,134,,2021-06-25 19:54:59.361,1.0
2021-06-25 19:54:59.373,500,33,2021-06-25 19:54:59.499,128,,2021-06-25 19:54:59.499,0.0
2021-06-25 19:54:59.514,498,35,2021-06-25 19:54:59.640,127,,2021-06-25 19:54:59.640,0.0
2021-06-25 19:54:59.654,500,37,2021-06-25 19:54:59.783,132,,2021-06-25 19:54:59.784,1.0
2021-06-25 19:54:59.796,500,35,2021-06-25 19:54:59.922,128,,2021-06-25 19:54:59.923,1.0
2021-06-25 19:54:59.934,500,35,2021-06-25 19:55:00.060,128,,2021-06-25 19:55:00.061,1.0
2021-06-25 19:55:00.072,500,33,2021-06-25 19:55:00.192,121,,2021-06-25 19:55:00.193,1.0
2021-06-25 19:55:00.205,500,31,2021-06-25 19:55:00.334,130,,2021-06-25 19:55:00.335,1.0
2021-06-25 19:55:00.347,500,32,2021-06-25 19:55:00.472,127,19.0,2021-06-25 19:55:00.473,1.0
2021-06-25 19:55:00.492,499,35,2021-06-25 19:55:00.616,132,19.0,2021-06-25 19:55:00.617,1.0
2021-06-25 19:55:00.630,478,32,2021-06-25 19:55:00.750,122,,2021-06-25 19:55:00.752,2.0
2021-06-25 19:55:00.764,391,29,2021-06-25 19:55:00.888,126,,2021-06-25 19:55:00.889,1.0
2021-06-25 19:55:00.900,306,31,2021-06-25 19:55:00.989,91,,2021-06-25 19:55:00.989,0.0
2021-06-25 19:55:01.002,275,26,2021-06-25 19:55:01.081,81,,2021-06-25 19:55:01.082,1.0
2021-06-25 19:55:01.094,225,31,2021-06-25 19:55:01.171,78,,2021-06-25 19:55:01.171,0.0
2021-06-25 19:55:01.185,229,28,2021-06-25 19:55:01.267,83,,2021-06-25 19:55:01.268,1.0
2021-06-25 19:55:01.280,129,30,2021-06-25 19:55:01.336,58,,2021-06-25 19:55:01.337,1.0
2021-06-25 19:55:01.376,318,29,2021-06-25 19:55:01.465,91,,2021-06-25 19:55:01.466,1.0
2021-06-25 19:55:01.479,422,30,2021-06-25 19:55:01.583,106,,2021-06-25 19:55:01.584,1.0
2021-06-25 19:55:01.599,473,34,2021-06-25 19:55:01.740,143,,2021-06-25 19:55:01.741,1.0
2021-06-25 19:55:01.754,497,33,2021-06-25 19:55:01.881,128,,2021-06-25 19:55:01.881,0.0
2021-06-25 19:55:01.895,500,38,2021-06-25 19:55:02.021,128,,2021-06-25 19:55:02.022,1.0
2021-06-25 19:55:02.035,500,35,2021-06-25 19:55:02.167,134,,2021-06-25 19:55:02.167,0.0
2021-06-25 19:55:02.179,500,37,2021-06-25 19:55:02.309,131,,2021-06-25 19:55:02.309,0.0
2021-06-25 19:55:02.322,500,37,2021-06-25 19:55:02.451,131,,2021-06-25 19:55:02.452,1.0
2021-06-25 19:55:02.464,500,39,2021-06-25 19:55:02.590,127,,2021-06-25 19:55:02.590,0.0
2021-06-25 19:55:02.606,500,37,2021-06-25 19:55:02.762,158,,2021-06-25 19:55:02.763,1.0
2021-06-25 19:55:02.776,500,38,2021-06-25 19:55:02.907,133,,2021-06-25 19:55:02.908,1.0
2021-06-25 19:55:02.920,500,40,2021-06-25 19:55:03.053,134,,2021-06-25 19:55:03.053,0.0
2021-06-25 19:55:03.066,500,39,2021-06-25 19:55:03.197,132,,2021-06-25 19:55:03.197,0.0
2021-06-25 19:55:03.210,500,37,2021-06-25 19:55:03.338,130,,2021-06-25 19:55:03.339,1.0
2021-06-25 19:55:03.352,500,39,2021-06-25 19:55:03.480,130,,2021-06-25 19:55:03.481,1.0
2021-06-25 19:55:03.492,500,37,2021-06-25 19:55:03.619,128,,2021-06-25 19:55:03.620,1.0
2021-06-25 19:55:03.632,500,37,2021-06-25 19:55:03.765,134,,2021-06-25 19:55:03.766,1.0
2021-06-25 19:55:03.778,491,34,2021-06-25 19:55:03.902,126,,2021-06-25 19:55:03.902,0.0
2021-06-25 19:55:03.917,447,31,2021-06-25 19:55:04.039,124,,2021-06-25 19:55:04.040,1.0
2021-06-25 19:55:04.053,96,28,2021-06-25 19:55:04.142,91,,2021-06-25 19:55:04.143,1.0
2021-06-25 19:55:04.160,93,25,2021-06-25 19:55:04.210,52,,2021-06-25 19:55:04.211,1.0
2021-06-25 19:55:04.262,224,27,2021-06-25 19:55:04.336,75,,2021-06-25 19:55:04.337,1.0
2021-06-25 19:55:04.370,283,27,2021-06-25 19:55:04.459,91,,2021-06-25 19:55:04.459,0.0
2021-06-25 19:55:04.472,335,29,2021-06-25 19:55:04.575,105,,2021-06-25 19:55:04.575,0.0
2021-06-25 19:55:04.588,339,29,2021-06-25 19:55:04.683,97,,2021-06-25 19:55:04.684,1.0
2021-06-25 19:55:04.697,452,32,2021-06-25 19:55:04.824,129,19.0,2021-06-25 19:55:04.825,1.0
2021-06-25 19:55:04.837,498,32,2021-06-25 19:55:04.975,140,19.0,2021-06-25 19:55:04.976,1.0
2021-06-25 19:55:04.987,500,33,2021-06-25 19:55:05.110,124,19.0,2021-06-25 19:55:05.110,0.0
2021-06-25 19:55:05.122,500,37,2021-06-25 19:55:05.258,138,19.0,2021-06-25 19:55:05.258,0.0
2021-06-25 19:55:05.272,500,33,2021-06-25 19:55:05.393,123,19.0,2021-06-25 19:55:05.394,1.0
2021-06-25 19:55:05.407,500,33,2021-06-25 19:55:05.528,123,19.0,2021-06-25 19:55:05.529,1.0
2021-06-25 19:55:05.541,500,32,2021-06-25 19:55:05.666,127,19.0,2021-06-25 19:55:05.666,0.0
2021-06-25 19:55:05.679,500,35,2021-06-25 19:55:05.808,131,19.0,2021-06-25 19:55:05.809,1.0
2021-06-25 19:55:05.821,500,33,2021-06-25 19:55:05.945,126,19.0,2021-06-25 19:55:05.945,0.0
2021-06-25 19:55:05.959,500,33,2021-06-25 19:55:06.085,128,19.0,2021-06-25 19:55:06.086,1.0
2021-06-25 19:55:06.098,500,33,2021-06-25 19:55:06.222,126,19.0,2021-06-25 19:55:06.223,1.0
2021-06-25 19:55:06.235,500,34,2021-06-25 19:55:06.358,125,19.0,2021-06-25 19:55:06.358,0.0
2021-06-25 19:55:06.371,500,32,2021-06-25 19:55:06.492,124,19.0,2021-06-25 19:55:06.493,1.0
2021-06-25 19:55:06.506,500,34,2021-06-25 19:55:06.628,123,19.0,2021-06-25 19:55:06.630,2.0
2021-06-25 19:55:06.642,500,33,2021-06-25 19:55:06.773,132,19.0,2021-06-25 19:55:06.774,1.0
2021-06-25 19:55:06.787,500,32,2021-06-25 19:55:06.913,127,19.0,2021-06-25 19:55:06.914,1.0
2021-06-25 19:55:06.926,500,33,2021-06-25 19:55:07.053,128,19.0,2021-06-25 19:55:07.053,0.0
2021-06-25 19:55:07.065,500,34,2021-06-25 19:55:07.190,127,19.0,2021-06-25 19:55:07.191,1.0
2021-06-25 19:55:07.204,500,32,2021-06-25 19:55:07.353,150,19.0,2021-06-25 19:55:07.354,1.0
2021-06-25 19:55:07.367,500,34,2021-06-25 19:55:07.509,144,19.0,2021-06-25 19:55:07.510,1.0
2021-06-25 19:55:07.521,500,34,2021-06-25 19:55:07.653,133,19.0,2021-06-25 19:55:07.654,1.0
2021-06-25 19:55:07.667,500,35,2021-06-25 19:55:07.792,126,19.0,2021-06-25 19:55:07.793,1.0
2021-06-25 19:55:07.805,500,32,2021-06-25 19:55:07.932,128,19.0,2021-06-25 19:55:07.933,1.0
2021-06-25 19:55:07.946,500,33,2021-06-25 19:55:08.072,128,19.0,2021-06-25 19:55:08.073,1.0
2021-06-25 19:55:08.085,500,32,2021-06-25 19:55:08.208,124,19.0,2021-06-25 19:55:08.208,0.0
2021-06-25 19:55:08.221,500,34,2021-06-25 19:55:08.358,138,19.0,2021-06-25 19:55:09.381,1022.9999999999999
2021-06-25 19:55:08.371,500,36,2021-06-25 19:55:08.499,130,19.0,2021-06-25 19:55:09.387,888.0
2021-06-25 19:55:08.513,500,34,2021-06-25 19:55:08.638,126,19.0,2021-06-25 19:55:09.391,753.0
2021-06-25 19:55:08.653,500,35,2021-06-25 19:55:08.786,135,19.0,2021-06-25 19:55:09.396,610.0
2021-06-25 19:55:08.800,500,35,2021-06-25 19:55:08.928,129,19.0,2021-06-25 19:55:09.403,475.0
2021-06-25 19:55:08.941,500,35,2021-06-25 19:55:09.071,132,19.0,2021-06-25 19:55:09.425,354.0
2021-06-25 19:55:09.085,500,35,2021-06-25 19:55:09.216,133,19.0,2021-06-25 19:55:09.436,220.0
2021-06-25 19:55:09.229,500,32,2021-06-25 19:55:09.357,130,19.0,2021-06-25 19:55:09.450,93.0
2021-06-25 19:55:09.370,500,33,2021-06-25 19:55:09.504,136,19.0,2021-06-25 19:55:09.505,1.0
2021-06-25 19:55:09.517,500,32,2021-06-25 19:55:09.640,125,19.0,2021-06-25 19:55:09.641,1.0
2021-06-25 19:55:09.654,500,35,2021-06-25 19:55:09.786,134,19.0,2021-06-25 19:55:09.787,1.0
2021-06-25 19:55:09.800,500,32,2021-06-25 19:55:09.926,128,19.0,2021-06-25 19:55:09.927,1.0
2021-06-25 19:55:09.941,500,35,2021-06-25 19:55:10.068,129,19.0,2021-06-25 19:55:10.069,1.0
2021-06-25 19:55:10.080,500,34,2021-06-25 19:55:10.210,131,19.0,2021-06-25 19:55:10.210,0.0
2021-06-25 19:55:10.223,500,33,2021-06-25 19:55:10.345,124,19.0,2021-06-25 19:55:10.346,1.0
2021-06-25 19:55:10.368,500,35,2021-06-25 19:55:10.499,142,19.0,2021-06-25 19:55:10.503,4.0
2021-06-25 19:55:10.513,500,34,2021-06-25 19:55:10.640,129,19.0,2021-06-25 19:55:10.643,3.0
2021-06-25 19:55:10.654,500,33,2021-06-25 19:55:10.779,127,19.0,2021-06-25 19:55:10.780,1.0
2021-06-25 19:55:10.793,500,34,2021-06-25 19:55:10.920,129,19.0,2021-06-25 19:55:10.921,1.0
2021-06-25 19:55:10.933,500,38,2021-06-25 19:55:11.063,130,19.0,2021-06-25 19:55:11.063,0.0
2021-06-25 19:55:11.076,500,34,2021-06-25 19:55:11.201,127,19.0,2021-06-25 19:55:11.202,1.0
2021-06-25 19:55:11.214,500,36,2021-06-25 19:55:11.357,145,19.0,2021-06-25 19:55:11.358,1.0
2021-06-25 19:55:11.371,500,35,2021-06-25 19:55:11.498,129,19.0,2021-06-25 19:55:11.499,1.0
2021-06-25 19:55:11.511,500,35,2021-06-25 19:55:11.640,131,19.0,2021-06-25 19:55:11.643,3.0
2021-06-25 19:55:11.657,500,36,2021-06-25 19:55:11.796,142,19.0,2021-06-25 19:55:11.797,1.0
2021-06-25 19:55:11.809,500,35,2021-06-25 19:55:11.935,128,19.0,2021-06-25 19:55:11.936,1.0
2021-06-25 19:55:11.949,500,40,2021-06-25 19:55:12.081,133,19.0,2021-06-25 19:55:12.082,1.0
2021-06-25 19:55:12.095,500,36,2021-06-25 19:55:12.225,132,19.0,2021-06-25 19:55:12.226,1.0
2021-06-25 19:55:12.239,500,36,2021-06-25 19:55:12.364,126,19.0,2021-06-25 19:55:12.365,1.0
2021-06-25 19:55:12.377,500,37,2021-06-25 19:55:12.505,130,19.0,2021-06-25 19:55:12.506,1.0
2021-06-25 19:55:12.517,500,37,2021-06-25 19:55:12.655,139,19.0,2021-06-25 19:55:12.656,1.0
2021-06-25 19:55:12.667,500,36,2021-06-25 19:55:12.791,125,19.0,2021-06-25 19:55:12.792,1.0
2021-06-25 19:55:12.805,500,39,2021-06-25 19:55:12.935,132,19.0,2021-06-25 19:55:12.935,0.0
2021-06-25 19:55:12.949,500,40,2021-06-25 19:55:13.080,133,19.0,2021-06-25 19:55:13.082,2.0
2021-06-25 19:55:13.093,500,38,2021-06-25 19:55:13.223,132,19.0,2021-06-25 19:55:13.224,1.0
2021-06-25 19:55:13.237,500,38,2021-06-25 19:55:13.372,137,19.0,2021-06-25 19:55:13.373,1.0
2021-06-25 19:55:13.385,500,39,2021-06-25 19:55:13.529,146,19.0,2021-06-25 19:55:13.530,1.0
2021-06-25 19:55:13.543,500,40,2021-06-25 19:55:13.675,134,19.0,2021-06-25 19:55:13.676,1.0
2021-06-25 19:55:13.688,500,45,2021-06-25 19:55:13.838,151,19.0,2021-06-25 19:55:13.838,0.0
2021-06-25 19:55:13.853,500,41,2021-06-25 19:55:13.987,135,19.0,2021-06-25 19:55:13.988,1.0
2021-06-25 19:55:14.002,500,41,2021-06-25 19:55:14.136,136,19.0,2021-06-25 19:55:14.137,1.0
2021-06-25 19:55:14.151,500,45,2021-06-25 19:55:14.286,137,19.0,2021-06-25 19:55:14.287,1.0
2021-06-25 19:55:14.302,500,40,2021-06-25 19:55:14.439,139,19.0,2021-06-25 19:55:14.440,1.0
2021-06-25 19:55:14.453,500,39,2021-06-25 19:55:14.590,139,19.0,2021-06-25 19:55:14.591,1.0
2021-06-25 19:55:14.603,500,38,2021-06-25 19:55:14.734,132,19.0,2021-06-25 19:55:14.734,0.0
2021-06-25 19:55:14.748,500,39,2021-06-25 19:55:14.880,134,19.0,2021-06-25 19:55:14.881,1.0
2021-06-25 19:55:14.894,500,39,2021-06-25 19:55:15.026,134,19.0,2021-06-25 19:55:15.026,0.0
2021-06-25 19:55:15.038,500,40,2021-06-25 19:55:15.170,133,19.0,2021-06-25 19:55:15.171,1.0
2021-06-25 19:55:15.185,500,40,2021-06-25 19:55:15.317,134,19.0,2021-06-25 19:55:15.319,2.0
2021-06-25 19:55:15.330,500,41,2021-06-25 19:55:15.463,135,19.0,2021-06-25 19:55:15.464,1.0
2021-06-25 19:55:15.478,500,43,2021-06-25 19:55:15.613,137,19.0,2021-06-25 19:55:15.615,2.0
2021-06-25 19:55:15.626,500,46,2021-06-25 19:55:15.764,139,19.0,2021-06-25 19:55:15.765,1.0
2021-06-25 19:55:15.778,500,43,2021-06-25 19:55:15.930,153,19.0,2021-06-25 19:55:15.931,1.0
2021-06-25 19:55:15.943,500,48,2021-06-25 19:55:16.087,145,19.0,2021-06-25 19:55:16.088,1.0
2021-06-25 19:55:16.102,500,43,2021-06-25 19:55:16.237,136,19.0,2021-06-25 19:55:16.237,0.0
2021-06-25 19:55:16.250,500,46,2021-06-25 19:55:16.398,149,19.0,2021-06-25 19:55:16.401,3.0
2021-06-25 19:55:16.415,500,46,2021-06-25 19:55:16.554,141,19.0,2021-06-25 19:55:16.555,1.0
2021-06-25 19:55:16.567,500,43,2021-06-25 19:55:16.705,139,19.0,2021-06-25 19:55:16.706,1.0
2021-06-25 19:55:16.718,500,47,2021-06-25 19:55:16.854,138,19.0,2021-06-25 19:55:16.855,1.0
2021-06-25 19:55:16.869,500,43,2021-06-25 19:55:17.009,142,19.0,2021-06-25 19:55:17.009,0.0
2021-06-25 19:55:17.021,500,45,2021-06-25 19:55:17.160,140,19.0,2021-06-25 19:55:17.160,0.0
2021-06-25 19:55:17.173,500,43,2021-06-25 19:55:17.317,146,19.0,2021-06-25 19:55:17.318,1.0
2021-06-25 19:55:17.330,500,43,2021-06-25 19:55:17.466,138,19.0,2021-06-25 19:55:17.467,1.0
2021-06-25 19:55:17.479,500,42,2021-06-25 19:55:17.616,138,19.0,2021-06-25 19:55:17.616,0.0
2021-06-25 19:55:17.629,500,40,2021-06-25 19:55:17.773,146,19.0,2021-06-25 19:55:17.774,1.0
2021-06-25 19:55:17.786,500,37,2021-06-25 19:55:17.916,131,19.0,2021-06-25 19:55:17.917,1.0
2021-06-25 19:55:17.928,491,36,2021-06-25 19:55:18.054,126,19.0,2021-06-25 19:55:18.054,0.0
2021-06-25 19:55:18.066,466,34,2021-06-25 19:55:18.199,135,,2021-06-25 19:55:18.199,0.0
2021-06-25 19:55:18.211,419,30,2021-06-25 19:55:18.319,109,,2021-06-25 19:55:18.320,1.0
2021-06-25 19:55:18.332,379,28,2021-06-25 19:55:18.430,100,,2021-06-25 19:55:18.431,1.0
2021-06-25 19:55:18.443,443,31,2021-06-25 19:55:18.560,119,,2021-06-25 19:55:18.561,1.0
2021-06-25 19:55:18.574,494,32,2021-06-25 19:55:18.700,128,,2021-06-25 19:55:18.701,1.0
2021-06-25 19:55:18.713,500,31,2021-06-25 19:55:18.841,130,,2021-06-25 19:55:18.841,0.0
2021-06-25 19:55:18.855,500,31,2021-06-25 19:55:18.975,122,,2021-06-25 19:55:18.976,1.0
2021-06-25 19:55:18.991,500,33,2021-06-25 19:55:19.115,125,,2021-06-25 19:55:19.116,1.0
2021-06-25 19:55:19.128,500,35,2021-06-25 19:55:19.252,126,,2021-06-25 19:55:19.253,1.0
2021-06-25 19:55:19.266,500,36,2021-06-25 19:55:19.396,132,,2021-06-25 19:55:19.397,1.0
2021-06-25 19:55:19.410,500,36,2021-06-25 19:55:19.537,128,,2021-06-25 19:55:19.538,1.0
2021-06-25 19:55:19.551,498,38,2021-06-25 19:55:19.683,134,,2021-06-25 19:55:19.684,1.0
2021-06-25 19:55:19.696,500,36,2021-06-25 19:55:19.829,134,,2021-06-25 19:55:19.830,1.0
2021-06-25 19:55:19.843,500,39,2021-06-25 19:55:19.977,136,,2021-06-25 19:55:19.978,1.0
2021-06-25 19:55:19.991,497,39,2021-06-25 19:55:20.120,131,,2021-06-25 19:55:20.121,1.0
2021-06-25 19:55:20.133,500,37,2021-06-25 19:55:20.266,134,,2021-06-25 19:55:20.267,1.0
2021-06-25 19:55:20.279,500,38,2021-06-25 19:55:20.405,128,,2021-06-25 19:55:20.406,1.0
2021-06-25 19:55:20.419,500,40,2021-06-25 19:55:20.548,130,,2021-06-25 19:55:20.548,0.0
2021-06-25 19:55:20.561,500,39,2021-06-25 19:55:20.689,130,,2021-06-25 19:55:20.690,1.0
2021-06-25 19:55:20.702,500,37,2021-06-25 19:55:20.833,132,,2021-06-25 19:55:20.833,0.0
2021-06-25 19:55:20.848,500,37,2021-06-25 19:55:20.975,129,,2021-06-25 19:55:20.976,1.0
2021-06-25 19:55:20.991,500,39,2021-06-25 19:55:21.124,135,,2021-06-25 19:55:21.124,0.0
2021-06-25 19:55:21.138,500,37,2021-06-25 19:55:21.275,139,,2021-06-25 19:55:21.275,0.0
2021-06-25 19:55:21.289,500,39,2021-06-25 19:55:21.423,137,,2021-06-25 19:55:21.424,1.0
2021-06-25 19:55:21.436,500,40,2021-06-25 19:55:21.569,135,,2021-06-25 19:55:21.570,1.0
2021-06-25 19:55:21.582,500,40,2021-06-25 19:55:21.712,131,,2021-06-25 19:55:21.712,0.0
2021-06-25 19:55:21.724,500,37,2021-06-25 19:55:21.852,130,,2021-06-25 19:55:21.853,1.0
2021-06-25 19:55:21.866,500,37,2021-06-25 19:55:21.994,130,,2021-06-25 19:55:21.995,1.0
2021-06-25 19:55:22.008,500,39,2021-06-25 19:55:22.137,132,,2021-06-25 19:55:22.138,1.0
2021-06-25 19:55:22.151,500,38,2021-06-25 19:55:22.281,131,,2021-06-25 19:55:22.282,1.0
2021-06-25 19:55:22.296,500,39,2021-06-25 19:55:22.424,130,,2021-06-25 19:55:22.425,1.0
2021-06-25 19:55:22.437,500,38,2021-06-25 19:55:22.565,130,,2021-06-25 19:55:22.566,1.0
2021-06-25 19:55:22.580,500,37,2021-06-25 19:55:22.713,137,,2021-06-25 19:55:22.714,1.0
2021-06-25 19:55:22.725,500,38,2021-06-25 19:55:22.866,142,,2021-06-25 19:55:22.867,1.0
2021-06-25 19:55:22.880,500,36,2021-06-25 19:55:23.020,142,,2021-06-25 19:55:23.020,0.0
2021-06-25 19:55:23.032,500,36,2021-06-25 19:55:23.155,125,,2021-06-25 19:55:23.156,1.0
2021-06-25 19:55:23.169,500,36,2021-06-25 19:55:23.298,132,,2021-06-25 19:55:23.299,1.0
2021-06-25 19:55:23.311,500,37,2021-06-25 19:55:23.453,143,,2021-06-25 19:55:23.453,0.0
2021-06-25 19:55:23.465,500,37,2021-06-25 19:55:23.589,125,,2021-06-25 19:55:23.590,1.0
2021-06-25 19:55:23.604,500,35,2021-06-25 19:55:23.730,129,,2021-06-25 19:55:23.730,0.0
2021-06-25 19:55:23.743,500,37,2021-06-25 19:55:23.869,128,,2021-06-25 19:55:23.870,1.0
2021-06-25 19:55:23.882,500,35,2021-06-25 19:55:24.006,125,,2021-06-25 19:55:24.007,1.0
2021-06-25 19:55:24.018,500,37,2021-06-25 19:55:24.141,124,,2021-06-25 19:55:24.142,1.0
2021-06-25 19:55:24.154,500,38,2021-06-25 19:55:24.284,131,,2021-06-25 19:55:24.285,1.0
2021-06-25 19:55:24.300,500,36,2021-06-25 19:55:24.433,135,,2021-06-25 19:55:24.433,0.0
2021-06-25 19:55:24.447,500,36,2021-06-25 19:55:24.572,127,,2021-06-25 19:55:24.573,1.0
2021-06-25 19:55:24.586,500,35,2021-06-25 19:55:24.711,127,,2021-06-25 19:55:24.711,0.0
2021-06-25 19:55:24.724,500,36,2021-06-25 19:55:24.851,129,,2021-06-25 19:55:24.851,0.0
2021-06-25 19:55:24.863,500,36,2021-06-25 19:55:24.988,127,,2021-06-25 19:55:24.989,1.0
2021-06-25 19:55:25.002,500,35,2021-06-25 19:55:25.129,129,,2021-06-25 19:55:25.130,1.0
2021-06-25 19:55:25.142,500,37,2021-06-25 19:55:25.268,128,,2021-06-25 19:55:25.269,1.0
2021-06-25 19:55:25.282,500,35,2021-06-25 19:55:25.420,140,,2021-06-25 19:55:25.421,1.0
2021-06-25 19:55:25.434,500,35,2021-06-25 19:55:25.564,131,,2021-06-25 19:55:25.565,1.0
2021-06-25 19:55:25.578,500,35,2021-06-25 19:55:25.703,127,,2021-06-25 19:55:25.703,0.0
2021-06-25 19:55:25.716,498,36,2021-06-25 19:55:25.843,129,,2021-06-25 19:55:25.843,0.0
2021-06-25 19:55:25.855,484,35,2021-06-25 19:55:25.991,137,,2021-06-25 19:55:25.992,1.0
2021-06-25 19:55:26.006,500,39,2021-06-25 19:55:26.132,127,,2021-06-25 19:55:26.132,0.0
2021-06-25 19:55:26.146,500,36,2021-06-25 19:55:26.275,130,,2021-06-25 19:55:26.276,1.0
2021-06-25 19:55:26.289,500,41,2021-06-25 19:55:26.434,147,,2021-06-25 19:55:26.435,1.0
2021-06-25 19:55:26.448,500,37,2021-06-25 19:55:26.578,132,,2021-06-25 19:55:26.579,1.0
2021-06-25 19:55:26.591,500,41,2021-06-25 19:55:26.722,133,,2021-06-25 19:55:26.723,1.0
2021-06-25 19:55:26.736,500,39,2021-06-25 19:55:26.873,138,,2021-06-25 19:55:26.873,0.0
2021-06-25 19:55:26.888,500,37,2021-06-25 19:55:27.015,129,,2021-06-25 19:55:27.015,0.0
2021-06-25 19:55:27.028,493,34,2021-06-25 19:55:27.161,135,,2021-06-25 19:55:27.162,1.0
2021-06-25 19:55:27.176,497,33,2021-06-25 19:55:27.300,128,,2021-06-25 19:55:27.301,1.0
2021-06-25 19:55:27.314,482,32,2021-06-25 19:55:27.437,125,,2021-06-25 19:55:27.437,0.0
2021-06-25 19:55:27.450,483,31,2021-06-25 19:55:27.569,121,,2021-06-25 19:55:27.570,1.0
2021-06-25 19:55:27.581,452,31,2021-06-25 19:55:27.696,117,,2021-06-25 19:55:27.697,1.0
2021-06-25 19:55:27.708,421,30,2021-06-25 19:55:27.818,112,,2021-06-25 19:55:27.819,1.0
2021-06-25 19:55:27.831,420,31,2021-06-25 19:55:27.938,109,,2021-06-25 19:55:27.939,1.0
2021-06-25 19:55:27.951,412,31,2021-06-25 19:55:28.063,113,,2021-06-25 19:55:28.064,1.0
2021-06-25 19:55:28.077,414,30,2021-06-25 19:55:28.187,112,,2021-06-25 19:55:28.187,0.0
2021-06-25 19:55:28.199,408,31,2021-06-25 19:55:28.303,105,,2021-06-25 19:55:28.304,1.0
2021-06-25 19:55:28.317,408,31,2021-06-25 19:55:28.425,110,,2021-06-25 19:55:28.426,1.0
2021-06-25 19:55:28.438,405,31,2021-06-25 19:55:28.546,109,,2021-06-25 19:55:28.547,1.0
2021-06-25 19:55:28.558,421,32,2021-06-25 19:55:28.668,111,,2021-06-25 19:55:28.669,1.0
2021-06-25 19:55:28.680,408,31,2021-06-25 19:55:28.786,108,,2021-06-25 19:55:28.787,1.0
2021-06-25 19:55:28.799,415,31,2021-06-25 19:55:28.907,110,,2021-06-25 19:55:28.908,1.0
2021-06-25 19:55:28.920,410,31,2021-06-25 19:55:29.033,115,,2021-06-25 19:55:29.034,1.0
2021-06-25 19:55:29.046,408,32,2021-06-25 19:55:29.154,109,,2021-06-25 19:55:29.155,1.0
2021-06-25 19:55:29.167,404,31,2021-06-25 19:55:29.273,107,,2021-06-25 19:55:29.273,0.0
2021-06-25 19:55:29.286,414,31,2021-06-25 19:55:29.399,115,,2021-06-25 19:55:29.400,1.0
2021-06-25 19:55:29.411,419,30,2021-06-25 19:55:29.516,107,,2021-06-25 19:55:29.516,0.0
2021-06-25 19:55:29.528,462,33,2021-06-25 19:55:29.642,115,,2021-06-25 19:55:29.642,0.0
2021-06-25 19:55:29.654,475,32,2021-06-25 19:55:29.775,122,,2021-06-25 19:55:29.776,1.0
2021-06-25 19:55:29.789,493,35,2021-06-25 19:55:29.916,129,,2021-06-25 19:55:29.917,1.0
2021-06-25 19:55:29.931,500,33,2021-06-25 19:55:30.060,131,,2021-06-25 19:55:30.061,1.0
2021-06-25 19:55:30.073,500,36,2021-06-25 19:55:30.202,131,,2021-06-25 19:55:30.202,0.0
2021-06-25 19:55:30.214,500,40,2021-06-25 19:55:30.349,136,,2021-06-25 19:55:30.350,1.0
2021-06-25 19:55:30.362,500,39,2021-06-25 19:55:30.507,146,,2021-06-25 19:55:30.508,1.0
2021-06-25 19:55:30.519,500,38,2021-06-25 19:55:30.652,134,,2021-06-25 19:55:30.653,1.0
2021-06-25 19:55:30.664,500,42,2021-06-25 19:55:30.812,149,,2021-06-25 19:55:30.813,1.0
2021-06-25 19:55:30.826,500,39,2021-06-25 19:55:30.959,135,,2021-06-25 19:55:30.960,1.0
2021-06-25 19:55:30.971,500,38,2021-06-25 19:55:31.100,130,,2021-06-25 19:55:31.101,1.0
2021-06-25 19:55:31.113,500,37,2021-06-25 19:55:31.243,132,,2021-06-25 19:55:31.244,1.0
2021-06-25 19:55:31.256,500,37,2021-06-25 19:55:31.406,152,,2021-06-25 19:55:31.407,1.0
2021-06-25 19:55:31.420,500,37,2021-06-25 19:55:31.550,132,,2021-06-25 19:55:31.551,1.0
2021-06-25 19:55:31.563,500,40,2021-06-25 19:55:31.695,133,,2021-06-25 19:55:31.696,1.0
2021-06-25 19:55:31.708,500,37,2021-06-25 19:55:31.841,135,,2021-06-25 19:55:31.842,1.0
2021-06-25 19:55:31.853,500,38,2021-06-25 19:55:31.983,131,,2021-06-25 19:55:31.984,1.0
2021-06-25 19:55:31.997,500,35,2021-06-25 19:55:32.131,136,,2021-06-25 19:55:32.131,0.0
2021-06-25 19:55:32.145,500,36,2021-06-25 19:55:32.274,131,,2021-06-25 19:55:32.275,1.0
2021-06-25 19:55:32.287,500,38,2021-06-25 19:55:32.423,137,,2021-06-25 19:55:32.427,4.0
2021-06-25 19:55:32.437,500,37,2021-06-25 19:55:32.567,132,,2021-06-25 19:55:32.568,1.0
2021-06-25 19:55:32.580,500,39,2021-06-25 19:55:32.710,131,,2021-06-25 19:55:32.710,0.0
2021-06-25 19:55:32.722,500,37,2021-06-25 19:55:32.853,132,,2021-06-25 19:55:32.854,1.0
2021-06-25 19:55:32.866,500,36,2021-06-25 19:55:32.996,131,,2021-06-25 19:55:32.996,0.0
2021-06-25 19:55:33.009,500,41,2021-06-25 19:55:33.142,135,,2021-06-25 19:55:33.143,1.0
2021-06-25 19:55:33.155,500,38,2021-06-25 19:55:33.281,128,,2021-06-25 19:55:33.282,1.0
2021-06-25 19:55:33.294,500,37,2021-06-25 19:55:33.426,133,,2021-06-25 19:55:33.427,1.0
2021-06-25 19:55:33.443,500,38,2021-06-25 19:55:33.573,133,,2021-06-25 19:55:33.574,1.0
2021-06-25 19:55:33.586,500,38,2021-06-25 19:55:33.717,132,,2021-06-25 19:55:33.717,0.0
2021-06-25 19:55:33.730,500,38,2021-06-25 19:55:33.857,129,,2021-06-25 19:55:33.858,1.0
2021-06-25 19:55:33.872,500,39,2021-06-25 19:55:34.002,133,,2021-06-25 19:55:34.003,1.0
2021-06-25 19:55:34.015,500,37,2021-06-25 19:55:34.152,138,,2021-06-25 19:55:34.153,1.0
2021-06-25 19:55:34.165,500,38,2021-06-25 19:55:34.305,142,,2021-06-25 19:55:34.306,1.0
2021-06-25 19:55:34.319,500,37,2021-06-25 19:55:34.461,145,,2021-06-25 19:55:34.462,1.0
2021-06-25 19:55:34.474,500,39,2021-06-25 19:55:34.603,131,,2021-06-25 19:55:34.604,1.0
2021-06-25 19:55:34.616,500,42,2021-06-25 19:55:34.747,133,,2021-06-25 19:55:34.748,1.0
2021-06-25 19:55:34.759,500,38,2021-06-25 19:55:34.886,128,,2021-06-25 19:55:34.887,1.0
2021-06-25 19:55:34.899,500,39,2021-06-25 19:55:35.027,130,,2021-06-25 19:55:35.027,0.0
2021-06-25 19:55:35.043,500,36,2021-06-25 19:55:35.171,130,,2021-06-25 19:55:35.172,1.0
2021-06-25 19:55:35.186,500,37,2021-06-25 19:55:35.320,137,,2021-06-25 19:55:35.321,1.0
2021-06-25 19:55:35.334,500,36,2021-06-25 19:55:35.462,130,,2021-06-25 19:55:35.463,1.0
2021-06-25 19:55:35.476,500,36,2021-06-25 19:55:35.613,139,,2021-06-25 19:55:35.613,0.0
2021-06-25 19:55:35.626,492,35,2021-06-25 19:55:35.753,129,,2021-06-25 19:55:35.754,1.0
2021-06-25 19:55:35.765,481,35,2021-06-25 19:55:35.886,122,,2021-06-25 19:55:35.888,2.0
2021-06-25 19:55:35.900,483,35,2021-06-25 19:55:36.026,128,,2021-06-25 19:55:36.027,1.0
2021-06-25 19:55:36.041,490,33,2021-06-25 19:55:36.165,127,13.0,2021-06-25 19:55:36.166,1.0
2021-06-25 19:55:36.178,496,34,2021-06-25 19:55:36.306,130,13.0,2021-06-25 19:55:36.307,1.0
2021-06-25 19:55:36.319,500,35,2021-06-25 19:55:36.453,135,,2021-06-25 19:55:36.453,0.0
2021-06-25 19:55:36.468,500,35,2021-06-25 19:55:36.598,130,13.0,2021-06-25 19:55:36.598,0.0
2021-06-25 19:55:36.611,500,36,2021-06-25 19:55:36.741,133,13.0,2021-06-25 19:55:36.742,1.0
2021-06-25 19:55:36.762,500,36,2021-06-25 19:55:36.887,133,13.0,2021-06-25 19:55:36.888,1.0
2021-06-25 19:55:36.902,500,37,2021-06-25 19:55:37.033,133,13.0,2021-06-25 19:55:37.033,0.0
2021-06-25 19:55:37.045,500,36,2021-06-25 19:55:37.174,130,13.0,2021-06-25 19:55:37.175,1.0
2021-06-25 19:55:37.188,500,37,2021-06-25 19:55:37.320,133,13.0,2021-06-25 19:55:37.321,1.0
2021-06-25 19:55:37.334,500,39,2021-06-25 19:55:37.479,146,13.0,2021-06-25 19:55:37.480,1.0
2021-06-25 19:55:37.493,500,37,2021-06-25 19:55:37.626,134,13.0,2021-06-25 19:55:37.626,0.0
2021-06-25 19:55:37.640,500,36,2021-06-25 19:55:37.779,142,13.0,2021-06-25 19:55:37.780,1.0
2021-06-25 19:55:37.792,500,36,2021-06-25 19:55:37.924,133,13.0,2021-06-25 19:55:37.925,1.0
2021-06-25 19:55:37.938,500,39,2021-06-25 19:55:38.069,133,13.0,2021-06-25 19:55:38.069,0.0
2021-06-25 19:55:38.083,500,39,2021-06-25 19:55:38.215,134,13.0,2021-06-25 19:55:38.216,1.0
2021-06-25 19:55:38.228,500,36,2021-06-25 19:55:38.366,140,13.0,2021-06-25 19:55:38.368,2.0
2021-06-25 19:55:38.379,500,38,2021-06-25 19:55:38.511,134,13.0,2021-06-25 19:55:38.512,1.0
2021-06-25 19:55:38.523,500,35,2021-06-25 19:55:38.651,129,13.0,2021-06-25 19:55:38.655,4.0
2021-06-25 19:55:38.664,500,38,2021-06-25 19:55:38.793,131,13.0,2021-06-25 19:55:38.794,1.0
2021-06-25 19:55:38.806,500,36,2021-06-25 19:55:38.934,130,13.0,2021-06-25 19:55:38.935,1.0
2021-06-25 19:55:38.947,500,36,2021-06-25 19:55:39.083,138,13.0,2021-06-25 19:55:39.083,0.0
2021-06-25 19:55:39.096,500,35,2021-06-25 19:55:39.223,129,13.0,2021-06-25 19:55:39.224,1.0
2021-06-25 19:55:39.237,500,37,2021-06-25 19:55:39.369,134,13.0,2021-06-25 19:55:39.370,1.0
2021-06-25 19:55:39.382,500,35,2021-06-25 19:55:39.517,137,13.0,2021-06-25 19:55:39.518,1.0
2021-06-25 19:55:39.530,500,39,2021-06-25 19:55:39.661,132,13.0,2021-06-25 19:55:39.662,1.0
2021-06-25 19:55:39.674,500,38,2021-06-25 19:55:39.804,132,13.0,2021-06-25 19:55:39.804,0.0
2021-06-25 19:55:39.817,500,38,2021-06-25 19:55:39.949,134,13.0,2021-06-25 19:55:39.950,1.0
2021-06-25 19:55:39.962,500,37,2021-06-25 19:55:40.097,136,13.0,2021-06-25 19:55:40.098,1.0
2021-06-25 19:55:40.110,500,39,2021-06-25 19:55:40.241,133,13.0,2021-06-25 19:55:40.241,0.0
2021-06-25 19:55:40.254,500,37,2021-06-25 19:55:40.382,130,13.0,2021-06-25 19:55:40.383,1.0
2021-06-25 19:55:40.396,500,36,2021-06-25 19:55:40.523,128,13.0,2021-06-25 19:55:40.524,1.0
2021-06-25 19:55:40.538,500,36,2021-06-25 19:55:40.671,136,13.0,2021-06-25 19:55:40.672,1.0
2021-06-25 19:55:40.686,500,38,2021-06-25 19:55:40.813,130,13.0,2021-06-25 19:55:40.813,0.0
2021-06-25 19:55:40.825,500,38,2021-06-25 19:55:40.954,130,13.0,2021-06-25 19:55:40.955,1.0
2021-06-25 19:55:40.968,500,38,2021-06-25 19:55:41.102,136,13.0,2021-06-25 19:55:41.103,1.0
2021-06-25 19:55:41.115,500,37,2021-06-25 19:55:41.244,131,13.0,2021-06-25 19:55:41.245,1.0
2021-06-25 19:55:41.257,500,38,2021-06-25 19:55:41.384,128,13.0,2021-06-25 19:55:41.385,1.0
2021-06-25 19:55:41.398,500,37,2021-06-25 19:55:41.527,131,13.0,2021-06-25 19:55:41.531,4.0
2021-06-25 19:55:41.541,500,35,2021-06-25 19:55:41.675,136,13.0,2021-06-25 19:55:41.676,1.0
2021-06-25 19:55:41.689,500,35,2021-06-25 19:55:41.814,127,13.0,2021-06-25 19:55:41.814,0.0
2021-06-25 19:55:41.827,500,36,2021-06-25 19:55:41.957,132,13.0,2021-06-25 19:55:41.958,1.0
2021-06-25 19:55:41.970,500,37,2021-06-25 19:55:42.102,134,,2021-06-25 19:55:42.102,0.0
2021-06-25 19:55:42.115,500,37,2021-06-25 19:55:42.249,136,,2021-06-25 19:55:42.250,1.0
2021-06-25 19:55:42.261,500,35,2021-06-25 19:55:42.388,129,,2021-06-25 19:55:42.389,1.0
2021-06-25 19:55:42.400,500,38,2021-06-25 19:55:42.526,128,,2021-06-25 19:55:42.527,1.0
2021-06-25 19:55:42.541,500,34,2021-06-25 19:55:42.670,131,13.0,2021-06-25 19:55:42.671,1.0
2021-06-25 19:55:42.684,500,36,2021-06-25 19:55:42.814,131,13.0,2021-06-25 19:55:42.815,1.0
2021-06-25 19:55:42.827,500,38,2021-06-25 19:55:42.979,154,13.0,2021-06-25 19:55:42.980,1.0
2021-06-25 19:55:42.993,500,37,2021-06-25 19:55:43.123,131,13.0,2021-06-25 19:55:43.123,0.0
2021-06-25 19:55:43.137,500,37,2021-06-25 19:55:43.270,135,13.0,2021-06-25 19:55:43.271,1.0
2021-06-25 19:55:43.284,500,38,2021-06-25 19:55:43.415,134,13.0,2021-06-25 19:55:43.416,1.0
2021-06-25 19:55:43.430,500,40,2021-06-25 19:55:43.560,133,13.0,2021-06-25 19:55:43.561,1.0
2021-06-25 19:55:43.573,500,36,2021-06-25 19:55:43.701,130,13.0,2021-06-25 19:55:43.703,2.0
2021-06-25 19:55:43.715,500,39,2021-06-25 19:55:43.855,142,13.0,2021-06-25 19:55:43.856,1.0
2021-06-25 19:55:43.868,500,40,2021-06-25 19:55:44.003,137,13.0,2021-06-25 19:55:44.003,0.0
2021-06-25 19:55:44.016,500,37,2021-06-25 19:55:44.144,129,13.0,2021-06-25 19:55:44.144,0.0
2021-06-25 19:55:44.156,500,40,2021-06-25 19:55:44.292,138,13.0,2021-06-25 19:55:44.293,1.0
2021-06-25 19:55:44.305,500,37,2021-06-25 19:55:44.443,140,13.0,2021-06-25 19:55:44.444,1.0
2021-06-25 19:55:44.457,500,37,2021-06-25 19:55:44.587,131,13.0,2021-06-25 19:55:44.588,1.0
2021-06-25 19:55:44.600,500,40,2021-06-25 19:55:44.729,131,13.0,2021-06-25 19:55:44.730,1.0
2021-06-25 19:55:44.743,500,37,2021-06-25 19:55:44.872,131,13.0,2021-06-25 19:55:44.872,0.0
2021-06-25 19:55:44.885,500,38,2021-06-25 19:55:45.016,133,13.0,2021-06-25 19:55:45.017,1.0
2021-06-25 19:55:45.031,500,37,2021-06-25 19:55:45.171,143,13.0,2021-06-25 19:55:45.172,1.0
2021-06-25 19:55:45.187,500,35,2021-06-25 19:55:45.316,132,13.0,2021-06-25 19:55:45.317,1.0
2021-06-25 19:55:45.329,500,36,2021-06-25 19:55:45.467,139,13.0,2021-06-25 19:55:45.468,1.0
2021-06-25 19:55:45.481,500,35,2021-06-25 19:55:45.611,133,,2021-06-25 19:55:45.612,1.0
2021-06-25 19:55:45.623,500,34,2021-06-25 19:55:45.746,124,,2021-06-25 19:55:45.747,1.0
2021-06-25 19:55:45.759,500,38,2021-06-25 19:55:45.900,143,13.0,2021-06-25 19:55:45.900,0.0
2021-06-25 19:55:45.914,500,36,2021-06-25 19:55:46.047,135,13.0,2021-06-25 19:55:46.047,0.0
2021-06-25 19:55:46.060,500,38,2021-06-25 19:55:46.188,129,13.0,2021-06-25 19:55:46.188,0.0
2021-06-25 19:55:46.200,500,38,2021-06-25 19:55:46.335,136,13.0,2021-06-25 19:55:46.336,1.0
2021-06-25 19:55:46.348,500,39,2021-06-25 19:55:46.480,134,13.0,2021-06-25 19:55:46.480,0.0
2021-06-25 19:55:46.493,500,36,2021-06-25 19:55:46.621,130,13.0,2021-06-25 19:55:46.622,1.0
2021-06-25 19:55:46.634,500,39,2021-06-25 19:55:46.766,134,13.0,2021-06-25 19:55:46.767,1.0
2021-06-25 19:55:46.780,500,37,2021-06-25 19:55:46.912,133,13.0,2021-06-25 19:55:46.913,1.0
2021-06-25 19:55:46.924,500,37,2021-06-25 19:55:47.072,149,13.0,2021-06-25 19:55:47.072,0.0
2021-06-25 19:55:47.087,500,40,2021-06-25 19:55:47.246,162,13.0,2021-06-25 19:55:47.246,0.0
2021-06-25 19:55:47.258,500,36,2021-06-25 19:55:47.382,126,13.0,2021-06-25 19:55:47.382,0.0
2021-06-25 19:55:47.395,500,40,2021-06-25 19:55:47.526,133,13.0,2021-06-25 19:55:47.527,1.0
2021-06-25 19:55:47.541,500,36,2021-06-25 19:55:47.670,131,13.0,2021-06-25 19:55:47.671,1.0
2021-06-25 19:55:47.686,500,37,2021-06-25 19:55:47.826,142,13.0,2021-06-25 19:55:47.827,1.0
2021-06-25 19:55:47.839,500,39,2021-06-25 19:55:47.979,141,13.0,2021-06-25 19:55:47.979,0.0
2021-06-25 19:55:47.993,500,37,2021-06-25 19:55:48.136,146,13.0,2021-06-25 19:55:48.146,10.0
2021-06-25 19:55:48.149,500,39,2021-06-25 19:55:48.297,149,13.0,2021-06-25 19:55:48.297,0.0
2021-06-25 19:55:48.310,500,41,2021-06-25 19:55:48.441,132,13.0,2021-06-25 19:55:48.441,0.0
2021-06-25 19:55:48.453,500,37,2021-06-25 19:55:48.582,130,13.0,2021-06-25 19:55:48.583,1.0
2021-06-25 19:55:48.597,500,37,2021-06-25 19:55:48.730,135,13.0,2021-06-25 19:55:48.731,1.0
2021-06-25 19:55:48.744,500,37,2021-06-25 19:55:48.872,129,13.0,2021-06-25 19:55:48.873,1.0
2021-06-25 19:55:48.887,500,38,2021-06-25 19:55:49.017,132,13.0,2021-06-25 19:55:49.017,0.0
2021-06-25 19:55:49.030,500,37,2021-06-25 19:55:49.161,133,13.0,2021-06-25 19:55:49.162,1.0
2021-06-25 19:55:49.177,500,37,2021-06-25 19:55:49.309,135,13.0,2021-06-25 19:55:49.310,1.0
2021-06-25 19:55:49.322,500,37,2021-06-25 19:55:49.449,128,13.0,2021-06-25 19:55:49.450,1.0
2021-06-25 19:55:49.463,500,41,2021-06-25 19:55:49.596,134,13.0,2021-06-25 19:55:49.597,1.0
2021-06-25 19:55:49.609,500,36,2021-06-25 19:55:49.735,127,13.0,2021-06-25 19:55:49.736,1.0
2021-06-25 19:55:49.747,500,35,2021-06-25 19:55:49.879,133,13.0,2021-06-25 19:55:49.880,1.0
2021-06-25 19:55:49.893,500,36,2021-06-25 19:55:50.018,127,,2021-06-25 19:55:50.019,1.0
2021-06-25 19:55:50.032,500,34,2021-06-25 19:55:50.157,128,,2021-06-25 19:55:50.158,1.0
2021-06-25 19:55:50.169,500,32,2021-06-25 19:55:50.303,135,,2021-06-25 19:55:50.304,1.0
2021-06-25 19:55:50.315,497,33,2021-06-25 19:55:50.440,126,,2021-06-25 19:55:50.441,1.0
2021-06-25 19:55:50.455,500,33,2021-06-25 19:55:50.578,125,,2021-06-25 19:55:50.579,1.0
2021-06-25 19:55:50.593,500,36,2021-06-25 19:55:50.732,140,,2021-06-25 19:55:50.732,0.0
2021-06-25 19:55:50.744,500,35,2021-06-25 19:55:50.868,125,,2021-06-25 19:55:50.869,1.0
2021-06-25 19:55:50.881,500,39,2021-06-25 19:55:51.012,132,,2021-06-25 19:55:51.013,1.0
2021-06-25 19:55:51.025,500,37,2021-06-25 19:55:51.167,144,,2021-06-25 19:55:51.168,1.0
2021-06-25 19:55:51.181,500,35,2021-06-25 19:55:51.314,135,,2021-06-25 19:55:51.315,1.0
2021-06-25 19:55:51.328,500,35,2021-06-25 19:55:51.468,142,,2021-06-25 19:55:51.469,1.0
2021-06-25 19:55:51.484,495,34,2021-06-25 19:55:51.608,126,,2021-06-25 19:55:51.609,1.0
2021-06-25 19:55:51.621,497,34,2021-06-25 19:55:51.752,132,,2021-06-25 19:55:51.753,1.0
2021-06-25 19:55:51.765,500,36,2021-06-25 19:55:51.910,147,,2021-06-25 19:55:51.911,1.0
2021-06-25 19:55:51.924,500,38,2021-06-25 19:55:52.050,128,,2021-06-25 19:55:52.051,1.0
2021-06-25 19:55:52.063,500,37,2021-06-25 19:55:52.191,130,,2021-06-25 19:55:52.191,0.0
2021-06-25 19:55:52.204,500,37,2021-06-25 19:55:52.333,130,,2021-06-25 19:55:52.334,1.0
2021-06-25 19:55:52.346,500,37,2021-06-25 19:55:52.477,133,,2021-06-25 19:55:52.477,0.0
2021-06-25 19:55:52.491,500,36,2021-06-25 19:55:52.619,129,,2021-06-25 19:55:52.620,1.0
2021-06-25 19:55:52.633,500,36,2021-06-25 19:55:52.763,133,,2021-06-25 19:55:52.763,0.0
2021-06-25 19:55:52.777,500,38,2021-06-25 19:55:52.915,140,,2021-06-25 19:55:52.916,1.0
2021-06-25 19:55:52.929,500,36,2021-06-25 19:55:53.055,128,,2021-06-25 19:55:53.056,1.0
2021-06-25 19:55:53.069,500,36,2021-06-25 19:55:53.194,127,,2021-06-25 19:55:53.195,1.0
2021-06-25 19:55:53.208,500,38,2021-06-25 19:55:53.341,135,,2021-06-25 19:55:53.341,0.0
2021-06-25 19:55:53.354,500,37,2021-06-25 19:55:53.484,132,,2021-06-25 19:55:53.485,1.0
2021-06-25 19:55:53.497,500,40,2021-06-25 19:55:53.638,143,,2021-06-25 19:55:53.639,1.0
2021-06-25 19:55:53.651,500,37,2021-06-25 19:55:53.775,125,,2021-06-25 19:55:53.776,1.0
2021-06-25 19:55:53.789,500,36,2021-06-25 19:55:53.917,130,,2021-06-25 19:55:53.919,2.0
2021-06-25 19:55:53.933,500,36,2021-06-25 19:55:54.062,133,,2021-06-25 19:55:54.063,1.0
2021-06-25 19:55:54.076,500,35,2021-06-25 19:55:54.200,126,,2021-06-25 19:55:54.201,1.0
2021-06-25 19:55:54.213,500,39,2021-06-25 19:55:54.347,136,,2021-06-25 19:55:54.348,1.0
2021-06-25 19:55:54.362,500,36,2021-06-25 19:55:54.488,128,,2021-06-25 19:55:54.489,1.0
2021-06-25 19:55:54.501,500,35,2021-06-25 19:55:54.625,126,,2021-06-25 19:55:54.625,0.0
2021-06-25 19:55:54.639,500,36,2021-06-25 19:55:54.762,125,,2021-06-25 19:55:54.763,1.0
2021-06-25 19:55:54.776,500,39,2021-06-25 19:55:54.906,132,,2021-06-25 19:55:54.907,1.0
2021-06-25 19:55:54.918,500,36,2021-06-25 19:55:55.057,140,,2021-06-25 19:55:55.057,0.0
2021-06-25 19:55:55.069,500,37,2021-06-25 19:55:55.194,126,,2021-06-25 19:55:55.195,1.0
2021-06-25 19:55:55.208,500,35,2021-06-25 19:55:55.335,129,,2021-06-25 19:55:55.336,1.0
2021-06-25 19:55:55.347,500,38,2021-06-25 19:55:55.480,134,,2021-06-25 19:55:55.481,1.0
2021-06-25 19:55:55.493,500,36,2021-06-25 19:55:55.616,125,,2021-06-25 19:55:55.617,1.0
2021-06-25 19:55:55.630,500,38,2021-06-25 19:55:55.758,130,,2021-06-25 19:55:55.759,1.0
2021-06-25 19:55:55.770,500,39,2021-06-25 19:55:55.907,138,,2021-06-25 19:55:55.908,1.0
2021-06-25 19:55:55.921,500,36,2021-06-25 19:55:56.059,140,,2021-06-25 19:55:56.060,1.0
2021-06-25 19:55:56.072,500,41,2021-06-25 19:55:56.206,136,,2021-06-25 19:55:56.207,1.0
2021-06-25 19:55:56.219,500,37,2021-06-25 19:55:56.349,131,,2021-06-25 19:55:56.350,1.0
2021-06-25 19:55:56.362,500,37,2021-06-25 19:55:56.496,135,,2021-06-25 19:55:56.497,1.0
2021-06-25 19:55:56.509,500,35,2021-06-25 19:55:56.633,126,,2021-06-25 19:55:56.634,1.0
2021-06-25 19:55:56.645,500,36,2021-06-25 19:55:56.772,128,,2021-06-25 19:55:56.773,1.0
2021-06-25 19:55:56.787,500,36,2021-06-25 19:55:56.919,134,,2021-06-25 19:55:56.920,1.0
2021-06-25 19:55:56.933,500,36,2021-06-25 19:55:57.064,133,,2021-06-25 19:55:57.065,1.0
2021-06-25 19:55:57.078,500,37,2021-06-25 19:55:57.208,131,,2021-06-25 19:55:57.209,1.0
2021-06-25 19:55:57.222,500,34,2021-06-25 19:55:57.349,130,,2021-06-25 19:55:57.350,1.0
2021-06-25 19:55:57.362,500,34,2021-06-25 19:55:57.489,129,,2021-06-25 19:55:57.489,0.0
2021-06-25 19:55:57.502,491,34,2021-06-25 19:55:57.624,124,,2021-06-25 19:55:57.625,1.0
2021-06-25 19:55:57.641,494,35,2021-06-25 19:55:57.765,125,,2021-06-25 19:55:57.765,0.0
2021-06-25 19:55:57.779,493,36,2021-06-25 19:55:57.902,126,,2021-06-25 19:55:57.903,1.0
2021-06-25 19:55:57.916,500,35,2021-06-25 19:55:58.042,129,,2021-06-25 19:55:58.043,1.0
2021-06-25 19:55:58.055,500,35,2021-06-25 19:55:58.181,128,,2021-06-25 19:55:58.182,1.0
2021-06-25 19:55:58.194,500,37,2021-06-25 19:55:58.334,142,,2021-06-25 19:55:58.334,0.0
2021-06-25 19:55:58.346,500,36,2021-06-25 19:55:58.476,132,,2021-06-25 19:55:58.476,0.0
2021-06-25 19:55:58.491,500,33,2021-06-25 19:55:58.618,129,,2021-06-25 19:55:58.619,1.0
2021-06-25 19:55:58.631,500,36,2021-06-25 19:55:58.764,135,,2021-06-25 19:55:58.765,1.0
2021-06-25 19:55:58.779,500,34,2021-06-25 19:55:58.911,135,,2021-06-25 19:55:58.911,0.0
2021-06-25 19:55:58.925,500,35,2021-06-25 19:55:59.047,124,,2021-06-25 19:55:59.047,0.0
2021-06-25 19:55:59.059,500,33,2021-06-25 19:55:59.181,124,,2021-06-25 19:55:59.182,1.0
2021-06-25 19:55:59.195,500,36,2021-06-25 19:55:59.319,126,,2021-06-25 19:55:59.320,1.0
2021-06-25 19:55:59.335,500,33,2021-06-25 19:55:59.460,128,,2021-06-25 19:55:59.460,0.0
2021-06-25 19:55:59.472,500,35,2021-06-25 19:55:59.604,133,,2021-06-25 19:55:59.605,1.0
2021-06-25 19:55:59.618,500,33,2021-06-25 19:55:59.746,130,,2021-06-25 19:55:59.746,0.0
2021-06-25 19:55:59.758,500,35,2021-06-25 19:55:59.889,132,,2021-06-25 19:55:59.891,2.0
2021-06-25 19:55:59.902,500,38,2021-06-25 19:56:00.026,125,,2021-06-25 19:56:00.028,2.0
2021-06-25 19:56:00.041,500,34,2021-06-25 19:56:00.170,131,,2021-06-25 19:56:00.170,0.0
2021-06-25 19:56:00.184,500,35,2021-06-25 19:56:00.309,127,,2021-06-25 19:56:00.310,1.0
2021-06-25 19:56:00.322,496,35,2021-06-25 19:56:00.448,128,,2021-06-25 19:56:00.448,0.0
2021-06-25 19:56:00.460,497,35,2021-06-25 19:56:00.588,130,,2021-06-25 19:56:00.589,1.0
2021-06-25 19:56:00.602,500,35,2021-06-25 19:56:00.728,128,,2021-06-25 19:56:00.729,1.0
2021-06-25 19:56:00.742,494,35,2021-06-25 19:56:00.870,129,,2021-06-25 19:56:00.870,0.0
2021-06-25 19:56:00.883,496,33,2021-06-25 19:56:01.005,124,,2021-06-25 19:56:01.006,1.0
2021-06-25 19:56:01.018,498,36,2021-06-25 19:56:01.153,136,,2021-06-25 19:56:01.154,1.0
2021-06-25 19:56:01.167,497,33,2021-06-25 19:56:01.297,131,,2021-06-25 19:56:01.297,0.0
2021-06-25 19:56:01.310,500,34,2021-06-25 19:56:01.435,127,,2021-06-25 19:56:01.436,1.0
2021-06-25 19:56:01.447,500,34,2021-06-25 19:56:01.569,123,,2021-06-25 19:56:01.570,1.0
2021-06-25 19:56:01.584,500,32,2021-06-25 19:56:01.707,126,,2021-06-25 19:56:01.708,1.0
2021-06-25 19:56:01.720,500,35,2021-06-25 19:56:01.846,128,,2021-06-25 19:56:01.847,1.0
2021-06-25 19:56:01.859,500,36,2021-06-25 19:56:01.985,128,,2021-06-25 19:56:01.986,1.0
2021-06-25 19:56:01.998,500,33,2021-06-25 19:56:02.134,138,,2021-06-25 19:56:02.135,1.0
2021-06-25 19:56:02.147,500,34,2021-06-25 19:56:02.271,126,,2021-06-25 19:56:02.271,0.0
2021-06-25 19:56:02.284,500,35,2021-06-25 19:56:02.411,128,,2021-06-25 19:56:02.412,1.0
2021-06-25 19:56:02.425,500,34,2021-06-25 19:56:02.556,133,,2021-06-25 19:56:02.557,1.0
2021-06-25 19:56:02.569,500,34,2021-06-25 19:56:02.698,131,,2021-06-25 19:56:02.698,0.0
2021-06-25 19:56:02.710,500,36,2021-06-25 19:56:02.835,126,,2021-06-25 19:56:02.836,1.0
2021-06-25 19:56:02.848,500,36,2021-06-25 19:56:02.978,132,,2021-06-25 19:56:02.979,1.0
2021-06-25 19:56:02.990,500,37,2021-06-25 19:56:03.124,135,,2021-06-25 19:56:03.125,1.0
2021-06-25 19:56:03.137,500,35,2021-06-25 19:56:03.265,129,,2021-06-25 19:56:03.266,1.0
2021-06-25 19:56:03.279,500,35,2021-06-25 19:56:03.405,127,,2021-06-25 19:56:03.406,1.0
2021-06-25 19:56:03.418,500,38,2021-06-25 19:56:03.554,138,,2021-06-25 19:56:03.555,1.0
2021-06-25 19:56:03.567,500,36,2021-06-25 19:56:03.697,132,,2021-06-25 19:56:03.698,1.0
2021-06-25 19:56:03.710,500,36,2021-06-25 19:56:03.837,129,,2021-06-25 19:56:03.838,1.0
2021-06-25 19:56:03.851,500,36,2021-06-25 19:56:03.979,131,31.0,2021-06-25 19:56:03.980,1.0
2021-06-25 19:56:03.992,500,36,2021-06-25 19:56:04.124,133,31.0,2021-06-25 19:56:04.125,1.0
2021-06-25 19:56:04.138,500,35,2021-06-25 19:56:04.268,132,31.0,2021-06-25 19:56:04.269,1.0
2021-06-25 19:56:04.283,500,35,2021-06-25 19:56:04.411,129,31.0,2021-06-25 19:56:04.412,1.0
2021-06-25 19:56:04.426,500,39,2021-06-25 19:56:04.557,134,31.0,2021-06-25 19:56:04.558,1.0
2021-06-25 19:56:04.570,500,39,2021-06-25 19:56:04.710,142,31.0,2021-06-25 19:56:04.711,1.0
2021-06-25 19:56:04.725,500,39,2021-06-25 19:56:04.854,131,31.0,2021-06-25 19:56:04.855,1.0
2021-06-25 19:56:04.867,500,39,2021-06-25 19:56:04.996,131,31.0,2021-06-25 19:56:04.997,1.0
2021-06-25 19:56:05.010,500,37,2021-06-25 19:56:05.143,134,31.0,2021-06-25 19:56:05.144,1.0
2021-06-25 19:56:05.156,500,38,2021-06-25 19:56:05.286,131,31.0,2021-06-25 19:56:05.287,1.0
2021-06-25 19:56:05.299,500,37,2021-06-25 19:56:05.423,125,31.0,2021-06-25 19:56:05.423,0.0
2021-06-25 19:56:05.436,500,37,2021-06-25 19:56:05.569,135,31.0,2021-06-25 19:56:05.570,1.0
2021-06-25 19:56:05.583,500,42,2021-06-25 19:56:05.717,135,31.0,2021-06-25 19:56:05.718,1.0
2021-06-25 19:56:05.732,500,37,2021-06-25 19:56:05.860,131,31.0,2021-06-25 19:56:05.861,1.0
2021-06-25 19:56:05.873,500,37,2021-06-25 19:56:06.001,129,31.0,2021-06-25 19:56:06.002,1.0
2021-06-25 19:56:06.015,500,37,2021-06-25 19:56:06.156,143,31.0,2021-06-25 19:56:06.157,1.0
2021-06-25 19:56:06.169,500,38,2021-06-25 19:56:06.308,141,31.0,2021-06-25 19:56:06.308,0.0
2021-06-25 19:56:06.321,500,39,2021-06-25 19:56:06.459,140,31.0,2021-06-25 19:56:06.460,1.0
2021-06-25 19:56:06.472,500,39,2021-06-25 19:56:06.605,135,31.0,2021-06-25 19:56:06.606,1.0
2021-06-25 19:56:06.618,500,39,2021-06-25 19:56:06.752,136,31.0,2021-06-25 19:56:06.753,1.0
2021-06-25 19:56:06.765,500,40,2021-06-25 19:56:06.897,133,31.0,2021-06-25 19:56:06.898,1.0
2021-06-25 19:56:06.910,500,40,2021-06-25 19:56:07.043,135,31.0,2021-06-25 19:56:07.043,0.0
2021-06-25 19:56:07.058,500,39,2021-06-25 19:56:07.195,140,31.0,2021-06-25 19:56:07.196,1.0
2021-06-25 19:56:07.209,500,39,2021-06-25 19:56:07.341,134,31.0,2021-06-25 19:56:07.342,1.0
2021-06-25 19:56:07.354,500,40,2021-06-25 19:56:07.501,148,31.0,2021-06-25 19:56:07.502,1.0
2021-06-25 19:56:07.514,500,40,2021-06-25 19:56:07.649,137,31.0,2021-06-25 19:56:07.650,1.0
2021-06-25 19:56:07.663,500,40,2021-06-25 19:56:07.800,139,31.0,2021-06-25 19:56:07.800,0.0
2021-06-25 19:56:07.814,500,40,2021-06-25 19:56:07.944,131,31.0,2021-06-25 19:56:07.945,1.0
2021-06-25 19:56:07.957,500,42,2021-06-25 19:56:08.090,134,31.0,2021-06-25 19:56:08.090,0.0
2021-06-25 19:56:08.103,500,40,2021-06-25 19:56:08.245,144,31.0,2021-06-25 19:56:08.246,1.0
2021-06-25 19:56:08.259,500,43,2021-06-25 19:56:08.391,134,31.0,2021-06-25 19:56:08.392,1.0
2021-06-25 19:56:08.405,500,39,2021-06-25 19:56:08.538,135,31.0,2021-06-25 19:56:08.539,1.0
2021-06-25 19:56:08.551,500,40,2021-06-25 19:56:08.683,134,31.0,2021-06-25 19:56:08.684,1.0
2021-06-25 19:56:08.696,500,39,2021-06-25 19:56:08.824,129,31.0,2021-06-25 19:56:08.825,1.0
2021-06-25 19:56:08.838,500,42,2021-06-25 19:56:08.965,129,31.0,2021-06-25 19:56:08.966,1.0
2021-06-25 19:56:08.980,500,38,2021-06-25 19:56:09.108,130,31.0,2021-06-25 19:56:09.109,1.0
2021-06-25 19:56:09.122,500,39,2021-06-25 19:56:09.251,131,31.0,2021-06-25 19:56:09.252,1.0
2021-06-25 19:56:09.264,500,40,2021-06-25 19:56:09.396,133,31.0,2021-06-25 19:56:09.397,1.0
2021-06-25 19:56:09.410,500,39,2021-06-25 19:56:09.544,136,31.0,2021-06-25 19:56:09.545,1.0
2021-06-25 19:56:09.557,500,39,2021-06-25 19:56:09.687,131,31.0,2021-06-25 19:56:09.688,1.0
2021-06-25 19:56:09.701,500,38,2021-06-25 19:56:09.835,136,31.0,2021-06-25 19:56:09.836,1.0
2021-06-25 19:56:09.848,500,38,2021-06-25 19:56:09.980,133,31.0,2021-06-25 19:56:09.981,1.0
2021-06-25 19:56:09.993,500,37,2021-06-25 19:56:10.122,131,31.0,2021-06-25 19:56:10.123,1.0
2021-06-25 19:56:10.135,500,37,2021-06-25 19:56:10.267,133,31.0,2021-06-25 19:56:10.268,1.0
2021-06-25 19:56:10.281,500,38,2021-06-25 19:56:10.420,141,31.0,2021-06-25 19:56:10.421,1.0
2021-06-25 19:56:10.434,493,36,2021-06-25 19:56:10.558,125,31.0,2021-06-25 19:56:10.559,1.0
2021-06-25 19:56:10.572,487,40,2021-06-25 19:56:10.707,137,31.0,2021-06-25 19:56:10.708,1.0
2021-06-25 19:56:10.721,485,35,2021-06-25 19:56:10.846,126,31.0,2021-06-25 19:56:10.846,0.0
2021-06-25 19:56:10.860,469,36,2021-06-25 19:56:10.984,126,31.0,2021-06-25 19:56:10.985,1.0
2021-06-25 19:56:10.997,491,37,2021-06-25 19:56:11.135,139,,2021-06-25 19:56:11.136,1.0
2021-06-25 19:56:11.148,499,34,2021-06-25 19:56:11.272,125,,2021-06-25 19:56:11.272,0.0
2021-06-25 19:56:11.285,500,34,2021-06-25 19:56:11.409,125,,2021-06-25 19:56:11.410,1.0
2021-06-25 19:56:11.425,500,37,2021-06-25 19:56:11.564,142,,2021-06-25 19:56:11.565,1.0
2021-06-25 19:56:11.578,500,34,2021-06-25 19:56:11.709,133,,2021-06-25 19:56:11.709,0.0
2021-06-25 19:56:11.721,500,38,2021-06-25 19:56:11.859,139,,2021-06-25 19:56:11.860,1.0
2021-06-25 19:56:11.872,500,35,2021-06-25 19:56:12.002,132,,2021-06-25 19:56:12.003,1.0
2021-06-25 19:56:12.016,492,33,2021-06-25 19:56:12.141,127,,2021-06-25 19:56:12.142,1.0
2021-06-25 19:56:12.154,487,36,2021-06-25 19:56:12.280,128,,2021-06-25 19:56:12.281,1.0
2021-06-25 19:56:12.293,500,33,2021-06-25 19:56:12.428,137,,2021-06-25 19:56:12.429,1.0
2021-06-25 19:56:12.441,500,32,2021-06-25 19:56:12.565,126,,2021-06-25 19:56:12.567,2.0
2021-06-25 19:56:12.579,500,32,2021-06-25 19:56:12.702,124,,2021-06-25 19:56:12.703,1.0
2021-06-25 19:56:12.715,500,33,2021-06-25 19:56:12.853,140,,2021-06-25 19:56:12.854,1.0
2021-06-25 19:56:12.868,500,34,2021-06-25 19:56:12.992,126,,2021-06-25 19:56:12.993,1.0
2021-06-25 19:56:13.006,500,34,2021-06-25 19:56:13.139,135,,2021-06-25 19:56:13.140,1.0
2021-06-25 19:56:13.151,485,33,2021-06-25 19:56:13.282,132,,2021-06-25 19:56:13.283,1.0
2021-06-25 19:56:13.295,419,31,2021-06-25 19:56:13.400,107,,2021-06-25 19:56:13.401,1.0
2021-06-25 19:56:13.413,420,32,2021-06-25 19:56:13.547,136,,2021-06-25 19:56:13.548,1.0
2021-06-25 19:56:13.562,463,31,2021-06-25 19:56:13.679,118,,2021-06-25 19:56:13.679,0.0
2021-06-25 19:56:13.691,483,32,2021-06-25 19:56:13.809,119,,2021-06-25 19:56:13.810,1.0
2021-06-25 19:56:13.824,494,32,2021-06-25 19:56:13.954,132,,2021-06-25 19:56:13.955,1.0
2021-06-25 19:56:13.968,492,31,2021-06-25 19:56:14.094,129,,2021-06-25 19:56:14.095,1.0
2021-06-25 19:56:14.109,484,32,2021-06-25 19:56:14.229,121,,2021-06-25 19:56:14.229,0.0
2021-06-25 19:56:14.241,467,34,2021-06-25 19:56:14.364,124,,2021-06-25 19:56:14.365,1.0
2021-06-25 19:56:14.380,465,31,2021-06-25 19:56:14.502,124,,2021-06-25 19:56:14.503,1.0
2021-06-25 19:56:14.514,479,31,2021-06-25 19:56:14.636,123,,2021-06-25 19:56:14.637,1.0
2021-06-25 19:56:14.650,482,32,2021-06-25 19:56:14.763,116,,2021-06-25 19:56:14.764,1.0
2021-06-25 19:56:14.777,494,33,2021-06-25 19:56:14.900,125,,2021-06-25 19:56:14.901,1.0
2021-06-25 19:56:14.913,499,34,2021-06-25 19:56:15.042,130,,2021-06-25 19:56:15.043,1.0
2021-06-25 19:56:15.055,497,34,2021-06-25 19:56:15.181,128,,2021-06-25 19:56:15.182,1.0
2021-06-25 19:56:15.194,499,33,2021-06-25 19:56:15.326,134,,2021-06-25 19:56:15.327,1.0
2021-06-25 19:56:15.340,498,33,2021-06-25 19:56:15.462,124,,2021-06-25 19:56:15.463,1.0
2021-06-25 19:56:15.478,500,32,2021-06-25 19:56:15.601,126,,2021-06-25 19:56:15.602,1.0
2021-06-25 19:56:15.614,500,36,2021-06-25 19:56:15.741,129,,2021-06-25 19:56:15.742,1.0
2021-06-25 19:56:15.753,497,32,2021-06-25 19:56:15.876,124,,2021-06-25 19:56:15.878,2.0
2021-06-25 19:56:15.892,492,32,2021-06-25 19:56:16.016,126,,2021-06-25 19:56:16.016,0.0
2021-06-25 19:56:16.029,492,33,2021-06-25 19:56:16.161,134,,2021-06-25 19:56:16.162,1.0
2021-06-25 19:56:16.177,492,32,2021-06-25 19:56:16.301,126,,2021-06-25 19:56:16.302,1.0
2021-06-25 19:56:16.313,486,33,2021-06-25 19:56:16.432,120,,2021-06-25 19:56:16.433,1.0
2021-06-25 19:56:16.444,484,32,2021-06-25 19:56:16.565,122,,2021-06-25 19:56:16.566,1.0
2021-06-25 19:56:16.579,487,35,2021-06-25 19:56:16.703,126,,2021-06-25 19:56:16.704,1.0
2021-06-25 19:56:16.716,477,31,2021-06-25 19:56:16.836,122,,2021-06-25 19:56:16.837,1.0
2021-06-25 19:56:16.849,460,31,2021-06-25 19:56:16.964,117,,2021-06-25 19:56:16.967,3.0
2021-06-25 19:56:16.980,428,29,2021-06-25 19:56:17.097,118,,2021-06-25 19:56:17.098,1.0
2021-06-25 19:56:17.111,139,26,2021-06-25 19:56:17.168,60,,2021-06-25 19:56:17.169,1.0
2021-06-25 19:56:17.182,88,24,2021-06-25 19:56:17.230,50,,2021-06-25 19:56:17.231,1.0
2021-06-25 19:56:17.277,177,26,2021-06-25 19:56:17.357,82,,2021-06-25 19:56:17.357,0.0
2021-06-25 19:56:17.377,232,28,2021-06-25 19:56:17.459,85,,2021-06-25 19:56:17.459,0.0
2021-06-25 19:56:17.478,248,27,2021-06-25 19:56:17.552,76,,2021-06-25 19:56:17.552,0.0
2021-06-25 19:56:17.577,311,27,2021-06-25 19:56:17.674,99,,2021-06-25 19:56:17.674,0.0
2021-06-25 19:56:17.688,377,30,2021-06-25 19:56:17.796,109,,2021-06-25 19:56:17.797,1.0
2021-06-25 19:56:17.809,475,32,2021-06-25 19:56:17.930,123,19.0,2021-06-25 19:56:17.931,1.0
2021-06-25 19:56:17.943,499,34,2021-06-25 19:56:18.069,128,19.0,2021-06-25 19:56:18.070,1.0
2021-06-25 19:56:18.082,500,31,2021-06-25 19:56:18.209,128,19.0,2021-06-25 19:56:18.210,1.0
2021-06-25 19:56:18.224,500,32,2021-06-25 19:56:18.359,137,19.0,2021-06-25 19:56:18.360,1.0
2021-06-25 19:56:18.374,500,32,2021-06-25 19:56:18.501,129,19.0,2021-06-25 19:56:18.502,1.0
2021-06-25 19:56:18.516,500,34,2021-06-25 19:56:18.644,130,19.0,2021-06-25 19:56:18.645,1.0
2021-06-25 19:56:18.658,500,32,2021-06-25 19:56:18.783,127,19.0,2021-06-25 19:56:18.784,1.0
2021-06-25 19:56:18.798,500,38,2021-06-25 19:56:18.927,131,19.0,2021-06-25 19:56:18.928,1.0
2021-06-25 19:56:18.939,500,35,2021-06-25 19:56:19.065,127,19.0,2021-06-25 19:56:19.066,1.0
2021-06-25 19:56:19.079,500,33,2021-06-25 19:56:19.203,126,19.0,2021-06-25 19:56:19.208,5.0
2021-06-25 19:56:19.219,500,35,2021-06-25 19:56:19.351,134,19.0,2021-06-25 19:56:19.351,0.0
2021-06-25 19:56:19.367,500,34,2021-06-25 19:56:19.491,126,19.0,2021-06-25 19:56:19.492,1.0
2021-06-25 19:56:19.504,500,33,2021-06-25 19:56:19.625,123,19.0,2021-06-25 19:56:19.625,0.0
2021-06-25 19:56:19.637,500,33,2021-06-25 19:56:19.762,126,19.0,2021-06-25 19:56:19.763,1.0
2021-06-25 19:56:19.776,500,33,2021-06-25 19:56:19.912,138,19.0,2021-06-25 19:56:19.913,1.0
2021-06-25 19:56:19.926,500,32,2021-06-25 19:56:20.048,123,19.0,2021-06-25 19:56:20.051,3.0
2021-06-25 19:56:20.063,500,35,2021-06-25 19:56:20.187,127,19.0,2021-06-25 19:56:20.188,1.0
2021-06-25 19:56:20.201,500,33,2021-06-25 19:56:20.331,132,19.0,2021-06-25 19:56:20.332,1.0
2021-06-25 19:56:20.344,500,33,2021-06-25 19:56:20.466,123,19.0,2021-06-25 19:56:20.469,3.0
2021-06-25 19:56:20.479,500,32,2021-06-25 19:56:20.610,132,,2021-06-25 19:56:20.611,1.0
2021-06-25 19:56:20.626,500,32,2021-06-25 19:56:20.753,129,19.0,2021-06-25 19:56:20.754,1.0
2021-06-25 19:56:20.767,500,33,2021-06-25 19:56:20.892,127,19.0,2021-06-25 19:56:20.895,3.0
2021-06-25 19:56:20.904,500,34,2021-06-25 19:56:21.040,137,,2021-06-25 19:56:21.041,1.0
2021-06-25 19:56:21.052,500,32,2021-06-25 19:56:21.174,123,19.0,2021-06-25 19:56:21.175,1.0
2021-06-25 19:56:21.187,500,35,2021-06-25 19:56:21.314,129,19.0,2021-06-25 19:56:21.314,0.0
2021-06-25 19:56:21.327,500,32,2021-06-25 19:56:21.449,124,19.0,2021-06-25 19:56:21.450,1.0
2021-06-25 19:56:21.461,500,33,2021-06-25 19:56:21.582,122,19.0,2021-06-25 19:56:21.583,1.0
2021-06-25 19:56:21.595,500,33,2021-06-25 19:56:21.723,130,19.0,2021-06-25 19:56:21.724,1.0
2021-06-25 19:56:21.735,500,35,2021-06-25 19:56:21.872,138,19.0,2021-06-25 19:56:21.873,1.0
2021-06-25 19:56:21.886,500,32,2021-06-25 19:56:22.021,137,19.0,2021-06-25 19:56:22.021,0.0
2021-06-25 19:56:22.035,500,32,2021-06-25 19:56:22.172,139,19.0,2021-06-25 19:56:22.173,1.0
2021-06-25 19:56:22.186,500,32,2021-06-25 19:56:22.311,126,19.0,2021-06-25 19:56:22.312,1.0
2021-06-25 19:56:22.325,500,33,2021-06-25 19:56:22.452,129,19.0,2021-06-25 19:56:22.453,1.0
2021-06-25 19:56:22.467,500,33,2021-06-25 19:56:22.591,126,19.0,2021-06-25 19:56:22.592,1.0
2021-06-25 19:56:22.605,500,34,2021-06-25 19:56:22.747,144,19.0,2021-06-25 19:56:22.748,1.0
2021-06-25 19:56:22.761,500,33,2021-06-25 19:56:22.885,126,19.0,2021-06-25 19:56:22.886,1.0
2021-06-25 19:56:22.897,500,33,2021-06-25 19:56:23.020,124,19.0,2021-06-25 19:56:23.021,1.0
2021-06-25 19:56:23.033,500,33,2021-06-25 19:56:23.157,125,19.0,2021-06-25 19:56:23.158,1.0
2021-06-25 19:56:23.172,500,32,2021-06-25 19:56:23.301,131,19.0,2021-06-25 19:56:23.302,1.0
2021-06-25 19:56:23.314,500,34,2021-06-25 19:56:23.440,128,19.0,2021-06-25 19:56:23.441,1.0
2021-06-25 19:56:23.453,500,34,2021-06-25 19:56:23.577,126,19.0,2021-06-25 19:56:23.578,1.0
2021-06-25 19:56:23.589,500,35,2021-06-25 19:56:23.716,129,19.0,2021-06-25 19:56:23.718,2.0
2021-06-25 19:56:23.730,500,35,2021-06-25 19:56:23.856,127,19.0,2021-06-25 19:56:23.857,1.0
2021-06-25 19:56:23.869,500,35,2021-06-25 19:56:24.005,137,19.0,2021-06-25 19:56:24.006,1.0
2021-06-25 19:56:24.019,500,33,2021-06-25 19:56:24.146,129,19.0,2021-06-25 19:56:24.147,1.0
2021-06-25 19:56:24.160,500,34,2021-06-25 19:56:24.285,127,19.0,2021-06-25 19:56:24.286,1.0
2021-06-25 19:56:24.299,500,37,2021-06-25 19:56:24.427,131,19.0,2021-06-25 19:56:24.428,1.0
2021-06-25 19:56:24.440,500,35,2021-06-25 19:56:24.565,127,19.0,2021-06-25 19:56:24.566,1.0
2021-06-25 19:56:24.579,500,35,2021-06-25 19:56:24.706,130,19.0,2021-06-25 19:56:24.707,1.0
2021-06-25 19:56:24.720,500,37,2021-06-25 19:56:24.852,134,19.0,2021-06-25 19:56:24.852,0.0
2021-06-25 19:56:24.867,500,37,2021-06-25 19:56:25.009,144,19.0,2021-06-25 19:56:25.010,1.0
2021-06-25 19:56:25.023,500,35,2021-06-25 19:56:25.161,140,19.0,2021-06-25 19:56:25.162,1.0
2021-06-25 19:56:25.175,500,38,2021-06-25 19:56:25.307,134,19.0,2021-06-25 19:56:25.308,1.0
2021-06-25 19:56:25.321,500,35,2021-06-25 19:56:25.447,128,19.0,2021-06-25 19:56:25.448,1.0
2021-06-25 19:56:25.459,500,40,2021-06-25 19:56:25.589,131,19.0,2021-06-25 19:56:25.595,6.0
2021-06-25 19:56:25.602,500,36,2021-06-25 19:56:25.731,131,19.0,2021-06-25 19:56:25.732,1.0
2021-06-25 19:56:25.744,500,36,2021-06-25 19:56:25.873,130,19.0,2021-06-25 19:56:25.873,0.0
2021-06-25 19:56:25.888,500,37,2021-06-25 19:56:26.020,134,19.0,2021-06-25 19:56:26.021,1.0
2021-06-25 19:56:26.034,500,38,2021-06-25 19:56:26.172,140,19.0,2021-06-25 19:56:26.173,1.0
2021-06-25 19:56:26.186,500,36,2021-06-25 19:56:26.318,135,19.0,2021-06-25 19:56:26.319,1.0
2021-06-25 19:56:26.330,500,37,2021-06-25 19:56:26.458,129,19.0,2021-06-25 19:56:26.459,1.0
2021-06-25 19:56:26.473,500,36,2021-06-25 19:56:26.600,129,19.0,2021-06-25 19:56:26.601,1.0
2021-06-25 19:56:26.614,500,38,2021-06-25 19:56:26.748,136,19.0,2021-06-25 19:56:26.749,1.0
2021-06-25 19:56:26.761,500,40,2021-06-25 19:56:26.899,140,19.0,2021-06-25 19:56:26.900,1.0
2021-06-25 19:56:26.915,500,39,2021-06-25 19:56:27.046,134,19.0,2021-06-25 19:56:27.047,1.0
2021-06-25 19:56:27.060,490,35,2021-06-25 19:56:27.198,140,19.0,2021-06-25 19:56:27.198,0.0
2021-06-25 19:56:27.212,495,37,2021-06-25 19:56:27.348,138,19.0,2021-06-25 19:56:27.349,1.0
2021-06-25 19:56:27.362,495,33,2021-06-25 19:56:27.488,128,19.0,2021-06-25 19:56:27.488,0.0
2021-06-25 19:56:27.501,500,34,2021-06-25 19:56:27.635,136,19.0,2021-06-25 19:56:27.636,1.0
2021-06-25 19:56:27.648,500,36,2021-06-25 19:56:27.780,134,19.0,2021-06-25 19:56:27.781,1.0
2021-06-25 19:56:27.794,500,40,2021-06-25 19:56:27.936,145,19.0,2021-06-25 19:56:27.937,1.0
2021-06-25 19:56:27.950,500,40,2021-06-25 19:56:28.083,134,19.0,2021-06-25 19:56:28.084,1.0
2021-06-25 19:56:28.096,500,39,2021-06-25 19:56:28.226,131,19.0,2021-06-25 19:56:28.226,0.0
2021-06-25 19:56:28.239,500,38,2021-06-25 19:56:28.367,130,19.0,2021-06-25 19:56:28.368,1.0
2021-06-25 19:56:28.381,500,40,2021-06-25 19:56:28.514,134,19.0,2021-06-25 19:56:28.514,0.0
2021-06-25 19:56:28.529,500,38,2021-06-25 19:56:28.661,134,19.0,2021-06-25 19:56:28.662,1.0
2021-06-25 19:56:28.674,500,39,2021-06-25 19:56:28.802,129,19.0,2021-06-25 19:56:28.803,1.0
2021-06-25 19:56:28.817,500,38,2021-06-25 19:56:28.949,134,19.0,2021-06-25 19:56:28.950,1.0
2021-06-25 19:56:28.964,500,40,2021-06-25 19:56:29.103,141,19.0,2021-06-25 19:56:29.104,1.0
2021-06-25 19:56:29.116,500,40,2021-06-25 19:56:29.244,130,19.0,2021-06-25 19:56:29.245,1.0
2021-06-25 19:56:29.257,500,39,2021-06-25 19:56:29.395,140,19.0,2021-06-25 19:56:29.396,1.0
2021-06-25 19:56:29.408,500,41,2021-06-25 19:56:29.541,134,19.0,2021-06-25 19:56:29.543,2.0
2021-06-25 19:56:29.555,500,38,2021-06-25 19:56:29.684,131,19.0,2021-06-25 19:56:29.685,1.0
2021-06-25 19:56:29.698,500,37,2021-06-25 19:56:29.828,131,19.0,2021-06-25 19:56:29.828,0.0
2021-06-25 19:56:29.841,492,33,2021-06-25 19:56:29.971,132,19.0,2021-06-25 19:56:29.972,1.0
2021-06-25 19:56:29.983,410,29,2021-06-25 19:56:30.090,108,,2021-06-25 19:56:30.090,0.0
2021-06-25 19:56:30.103,417,29,2021-06-25 19:56:30.207,107,,2021-06-25 19:56:30.208,1.0
2021-06-25 19:56:30.222,452,28,2021-06-25 19:56:30.350,131,,2021-06-25 19:56:30.351,1.0
2021-06-25 19:56:30.364,383,29,2021-06-25 19:56:30.461,98,,2021-06-25 19:56:30.462,1.0
2021-06-25 19:56:30.475,384,27,2021-06-25 19:56:30.573,100,,2021-06-25 19:56:30.574,1.0
2021-06-25 19:56:30.586,439,29,2021-06-25 19:56:30.700,114,,2021-06-25 19:56:30.700,0.0
2021-06-25 19:56:30.713,474,30,2021-06-25 19:56:30.837,125,,2021-06-25 19:56:30.838,1.0
2021-06-25 19:56:30.850,485,31,2021-06-25 19:56:30.971,123,,2021-06-25 19:56:30.972,1.0
2021-06-25 19:56:30.983,500,33,2021-06-25 19:56:31.104,122,,2021-06-25 19:56:31.105,1.0
2021-06-25 19:56:31.117,500,33,2021-06-25 19:56:31.247,132,,2021-06-25 19:56:31.248,1.0
2021-06-25 19:56:31.261,500,33,2021-06-25 19:56:31.389,130,,2021-06-25 19:56:31.390,1.0
2021-06-25 19:56:31.403,500,34,2021-06-25 19:56:31.527,126,,2021-06-25 19:56:31.528,1.0
2021-06-25 19:56:31.540,495,38,2021-06-25 19:56:31.676,137,,2021-06-25 19:56:31.677,1.0
2021-06-25 19:56:31.689,500,37,2021-06-25 19:56:31.826,139,,2021-06-25 19:56:31.826,0.0
2021-06-25 19:56:31.839,496,36,2021-06-25 19:56:31.982,145,,2021-06-25 19:56:31.983,1.0
2021-06-25 19:56:31.995,500,36,2021-06-25 19:56:32.134,141,,2021-06-25 19:56:32.135,1.0
2021-06-25 19:56:32.147,500,36,2021-06-25 19:56:32.278,133,,2021-06-25 19:56:32.279,1.0
2021-06-25 19:56:32.292,494,37,2021-06-25 19:56:32.423,132,,2021-06-25 19:56:32.424,1.0
2021-06-25 19:56:32.436,500,37,2021-06-25 19:56:32.567,132,,2021-06-25 19:56:32.568,1.0
2021-06-25 19:56:32.580,500,41,2021-06-25 19:56:32.713,135,,2021-06-25 19:56:32.714,1.0
2021-06-25 19:56:32.727,500,39,2021-06-25 19:56:32.853,127,,2021-06-25 19:56:32.854,1.0
2021-06-25 19:56:32.868,500,41,2021-06-25 19:56:33.012,147,,2021-06-25 19:56:33.013,1.0
2021-06-25 19:56:33.025,500,39,2021-06-25 19:56:33.154,130,,2021-06-25 19:56:33.155,1.0
2021-06-25 19:56:33.168,500,39,2021-06-25 19:56:33.301,135,,2021-06-25 19:56:33.301,0.0
2021-06-25 19:56:33.313,500,38,2021-06-25 19:56:33.453,141,,2021-06-25 19:56:33.453,0.0
2021-06-25 19:56:33.467,500,37,2021-06-25 19:56:33.592,126,,2021-06-25 19:56:33.593,1.0
2021-06-25 19:56:33.605,500,38,2021-06-25 19:56:33.737,133,,2021-06-25 19:56:33.738,1.0
2021-06-25 19:56:33.751,500,39,2021-06-25 19:56:33.880,131,,2021-06-25 19:56:33.881,1.0
2021-06-25 19:56:33.896,500,37,2021-06-25 19:56:34.031,139,,2021-06-25 19:56:34.031,0.0
2021-06-25 19:56:34.044,500,39,2021-06-25 19:56:34.176,134,,2021-06-25 19:56:34.177,1.0
2021-06-25 19:56:34.189,500,37,2021-06-25 19:56:34.318,131,,2021-06-25 19:56:34.323,5.0
2021-06-25 19:56:34.332,500,37,2021-06-25 19:56:34.464,135,,2021-06-25 19:56:34.465,1.0
2021-06-25 19:56:34.477,500,38,2021-06-25 19:56:34.604,129,,2021-06-25 19:56:34.605,1.0
2021-06-25 19:56:34.617,500,37,2021-06-25 19:56:34.754,139,,2021-06-25 19:56:34.754,0.0
2021-06-25 19:56:34.770,500,36,2021-06-25 19:56:34.895,128,,2021-06-25 19:56:34.896,1.0
2021-06-25 19:56:34.909,500,37,2021-06-25 19:56:35.034,127,,2021-06-25 19:56:35.034,0.0
2021-06-25 19:56:35.046,500,37,2021-06-25 19:56:35.179,134,,2021-06-25 19:56:35.180,1.0
2021-06-25 19:56:35.192,500,38,2021-06-25 19:56:35.337,146,,2021-06-25 19:56:35.338,1.0
2021-06-25 19:56:35.351,500,37,2021-06-25 19:56:35.486,136,,2021-06-25 19:56:35.486,0.0
2021-06-25 19:56:35.498,500,39,2021-06-25 19:56:35.627,130,,2021-06-25 19:56:35.628,1.0
2021-06-25 19:56:35.641,500,36,2021-06-25 19:56:35.772,132,,2021-06-25 19:56:35.773,1.0
2021-06-25 19:56:35.785,500,37,2021-06-25 19:56:35.920,137,,2021-06-25 19:56:35.921,1.0
2021-06-25 19:56:35.933,500,35,2021-06-25 19:56:36.057,126,,2021-06-25 19:56:36.058,1.0
2021-06-25 19:56:36.071,500,35,2021-06-25 19:56:36.195,126,,2021-06-25 19:56:36.196,1.0
2021-06-25 19:56:36.211,500,36,2021-06-25 19:56:36.338,129,,2021-06-25 19:56:36.339,1.0
2021-06-25 19:56:36.351,500,36,2021-06-25 19:56:36.480,130,,2021-06-25 19:56:36.481,1.0
2021-06-25 19:56:36.493,500,37,2021-06-25 19:56:36.623,131,,2021-06-25 19:56:36.624,1.0
2021-06-25 19:56:36.637,500,36,2021-06-25 19:56:36.768,133,,2021-06-25 19:56:36.769,1.0
2021-06-25 19:56:36.781,500,37,2021-06-25 19:56:36.906,126,,2021-06-25 19:56:36.907,1.0
2021-06-25 19:56:36.919,500,35,2021-06-25 19:56:37.046,128,,2021-06-25 19:56:37.047,1.0
2021-06-25 19:56:37.061,500,36,2021-06-25 19:56:37.186,127,,2021-06-25 19:56:37.186,0.0
2021-06-25 19:56:37.199,500,36,2021-06-25 19:56:37.327,129,,2021-06-25 19:56:37.328,1.0
2021-06-25 19:56:37.341,500,35,2021-06-25 19:56:37.475,136,,2021-06-25 19:56:37.476,1.0
2021-06-25 19:56:37.490,500,36,2021-06-25 19:56:37.617,128,,2021-06-25 19:56:37.618,1.0
2021-06-25 19:56:37.631,500,37,2021-06-25 19:56:37.757,128,,2021-06-25 19:56:37.759,2.0
2021-06-25 19:56:37.772,500,34,2021-06-25 19:56:37.898,127,,2021-06-25 19:56:37.898,0.0
2021-06-25 19:56:37.913,500,33,2021-06-25 19:56:38.034,124,,2021-06-25 19:56:38.034,0.0
2021-06-25 19:56:38.046,500,35,2021-06-25 19:56:38.173,129,,2021-06-25 19:56:38.175,2.0
2021-06-25 19:56:38.185,487,35,2021-06-25 19:56:38.320,136,,2021-06-25 19:56:38.320,0.0
2021-06-25 19:56:38.332,500,36,2021-06-25 19:56:38.465,135,,2021-06-25 19:56:38.466,1.0
2021-06-25 19:56:38.479,500,37,2021-06-25 19:56:38.602,124,,2021-06-25 19:56:38.603,1.0
2021-06-25 19:56:38.616,500,39,2021-06-25 19:56:38.756,141,,2021-06-25 19:56:38.757,1.0
2021-06-25 19:56:38.769,500,37,2021-06-25 19:56:38.898,129,,2021-06-25 19:56:38.899,1.0
2021-06-25 19:56:38.911,500,38,2021-06-25 19:56:39.038,129,,2021-06-25 19:56:39.039,1.0
2021-06-25 19:56:39.057,500,38,2021-06-25 19:56:39.187,137,,2021-06-25 19:56:39.187,0.0
2021-06-25 19:56:39.200,500,35,2021-06-25 19:56:39.328,130,,2021-06-25 19:56:39.328,0.0
2021-06-25 19:56:39.340,494,36,2021-06-25 19:56:39.480,142,,2021-06-25 19:56:39.481,1.0
2021-06-25 19:56:39.492,484,37,2021-06-25 19:56:39.618,127,,2021-06-25 19:56:39.619,1.0
2021-06-25 19:56:39.630,482,34,2021-06-25 19:56:39.752,123,,2021-06-25 19:56:39.753,1.0
2021-06-25 19:56:39.767,450,30,2021-06-25 19:56:39.879,115,,2021-06-25 19:56:39.880,1.0
2021-06-25 19:56:39.892,433,31,2021-06-25 19:56:40.001,111,,2021-06-25 19:56:40.002,1.0
2021-06-25 19:56:40.015,407,32,2021-06-25 19:56:40.123,110,,2021-06-25 19:56:40.124,1.0
2021-06-25 19:56:40.135,407,32,2021-06-25 19:56:40.241,107,,2021-06-25 19:56:40.242,1.0
2021-06-25 19:56:40.255,393,29,2021-06-25 19:56:40.364,111,,2021-06-25 19:56:40.365,1.0
2021-06-25 19:56:40.378,394,29,2021-06-25 19:56:40.483,107,,2021-06-25 19:56:40.484,1.0
2021-06-25 19:56:40.496,404,30,2021-06-25 19:56:40.615,120,,2021-06-25 19:56:40.616,1.0
2021-06-25 19:56:40.628,401,29,2021-06-25 19:56:40.731,105,,2021-06-25 19:56:40.731,0.0
2021-06-25 19:56:40.743,398,30,2021-06-25 19:56:40.848,107,,2021-06-25 19:56:40.849,1.0
2021-06-25 19:56:40.862,396,32,2021-06-25 19:56:40.976,116,,2021-06-25 19:56:40.976,0.0
2021-06-25 19:56:40.990,402,31,2021-06-25 19:56:41.095,107,,2021-06-25 19:56:41.095,0.0
2021-06-25 19:56:41.109,401,30,2021-06-25 19:56:41.218,111,,2021-06-25 19:56:41.219,1.0
2021-06-25 19:56:41.230,405,31,2021-06-25 19:56:41.345,117,,2021-06-25 19:56:41.345,0.0
2021-06-25 19:56:41.358,405,30,2021-06-25 19:56:41.519,163,,2021-06-25 19:56:41.521,2.0
2021-06-25 19:56:41.534,403,33,2021-06-25 19:56:41.681,148,,2021-06-25 19:56:41.681,0.0
2021-06-25 19:56:41.695,403,31,2021-06-25 19:56:41.795,102,,2021-06-25 19:56:41.796,1.0
2021-06-25 19:56:41.810,401,35,2021-06-25 19:56:42.023,215,,2021-06-25 19:56:42.024,1.0
